DROP TABLE IF EXISTS `users`;
/*!40101 SET @saved_cs_client     = @@character_set_client */;
/*!50503 SET character_set_client = utf8mb4 */;
CREATE TABLE `users` (
  `user_id` int NOT NULL AUTO_INCREMENT,
  `email` varchar(50) NOT NULL,
  `password` varchar(50) NOT NULL,
  `name` varchar(50) NOT NULL,
  `money` int NOT NULL,
  `avatar` varchar(255) NOT NULL,
  `profile` varchar(50) NOT NULL,
  `bg_volume` int NOT NULL DEFAULT '1',
  `sound_volume` int NOT NULL DEFAULT '1',
  `sfx_volume` int DEFAULT '1',
  `google_id` varchar(256) DEFAULT NULL,
  `google_picture` varchar(256) DEFAULT NULL,
  PRIMARY KEY (`user_id`)
) ENGINE=InnoDB AUTO_INCREMENT=20 DEFAULT CHARSET=latin1;

--
-- Table structure for table `fighters`
--


/*!40101 SET @saved_cs_client     = @@character_set_client */;
/*!50503 SET character_set_client = utf8mb4 */;
CREATE TABLE `fighters` (
  `fighter_id` int NOT NULL AUTO_INCREMENT,
  `img_back` varchar(255) NOT NULL,
  `img_front` varchar(255) NOT NULL,
  `name` varchar(50) NOT NULL,
  `price` int NOT NULL,
  PRIMARY KEY (`fighter_id`)
) ENGINE=InnoDB AUTO_INCREMENT=10 DEFAULT CHARSET=latin1;
/*!40101 SET character_set_client = @saved_cs_client */;

--


--
-- Table structure for table `missions`
--

DROP TABLE IF EXISTS `missions`;
/*!40101 SET @saved_cs_client     = @@character_set_client */;
/*!50503 SET character_set_client = utf8mb4 */;
CREATE TABLE `missions` (
  `mission_id` int NOT NULL AUTO_INCREMENT,
  `description` varchar(45) DEFAULT NULL,
  PRIMARY KEY (`mission_id`)
) ENGINE=InnoDB AUTO_INCREMENT=11 DEFAULT CHARSET=utf8;
/*!40101 SET character_set_client = @saved_cs_client */;

--
-- Table structure for table `moves`
--

DROP TABLE IF EXISTS `moves`;
/*!40101 SET @saved_cs_client     = @@character_set_client */;
/*!50503 SET character_set_client = utf8mb4 */;
CREATE TABLE `moves` (
  `move_id` int NOT NULL AUTO_INCREMENT,
  `fighter_id` int NOT NULL,
  `mp` int NOT NULL,
  `img` varchar(255) NOT NULL,
  `name` varchar(50) NOT NULL,
  `sfx` varchar(80) DEFAULT NULL,
  `min_level` int DEFAULT NULL,
  PRIMARY KEY (`move_id`),
  KEY `fighters_moves` (`fighter_id`),
  CONSTRAINT `fighters_moves` FOREIGN KEY (`fighter_id`) REFERENCES `fighters` (`fighter_id`)
) ENGINE=InnoDB AUTO_INCREMENT=37 DEFAULT CHARSET=latin1;
/*!40101 SET character_set_client = @saved_cs_client */;

--
-- Dumping data for table `moves`
--

--
-- Table structure for table `movelevels`
--

DROP TABLE IF EXISTS `movelevels`;
/*!40101 SET @saved_cs_client     = @@character_set_client */;
/*!50503 SET character_set_client = utf8mb4 */;
CREATE TABLE `movelevels` (
  `movelevel_id` int NOT NULL AUTO_INCREMENT,
  `move_id` int DEFAULT NULL,
  `level` int DEFAULT NULL,
  `min_xp` int DEFAULT NULL,
  PRIMARY KEY (`movelevel_id`),
  KEY `movelevel_moves_idx` (`move_id`),
  CONSTRAINT `movelevel_moves` FOREIGN KEY (`move_id`) REFERENCES `moves` (`move_id`)
) ENGINE=InnoDB AUTO_INCREMENT=604 DEFAULT CHARSET=utf8;

DROP TABLE IF EXISTS `actionmoves`;
/*!40101 SET @saved_cs_client     = @@character_set_client */;
/*!50503 SET character_set_client = utf8mb4 */;
CREATE TABLE `actionmoves` (
  `action_move_id` int NOT NULL AUTO_INCREMENT,
  `move_id` int NOT NULL,
  `attack_type` varchar(50) NOT NULL,
  `field` varchar(50) NOT NULL,
  `inflicted_on` varchar(50) NOT NULL,
  `value` int NOT NULL,
  `level` int DEFAULT '1',
  `movelevel_id` int DEFAULT NULL,
  PRIMARY KEY (`action_move_id`),
  KEY `move_actions` (`move_id`),
  KEY `moveactions_movelevel_id_idx` (`movelevel_id`),
  CONSTRAINT `move_actions` FOREIGN KEY (`move_id`) REFERENCES `moves` (`move_id`),
  CONSTRAINT `moveactions_movelevel_id` FOREIGN KEY (`movelevel_id`) REFERENCES `movelevels` (`movelevel_id`)
) ENGINE=InnoDB AUTO_INCREMENT=445 DEFAULT CHARSET=latin1;
/*!40101 SET character_set_client = @saved_cs_client */;





LOCK TABLES `fighters` WRITE;
/*!40000 ALTER TABLE `fighters` DISABLE KEYS */;
INSERT INTO `fighters` VALUES (1,'./assets/img/charizard-back.png','./assets/img/charizard-front.gif','Charizard',111),(2,'./assets/img/batman-back.png','./assets/img/batman-front.png','Batman',300),(3,'./assets/img/goku.png','/assets/img/goku-front.png','Goku',100),(4,'./assets/img/vegeta-back.gif','./assets/img/vegeta-front.gif','Vegeta',100),(5,'./assets/img/mew-back.png','./assets/img/mew-front.png','Mew',100),(6,'./assets/img/michael3.gif','./assets/img/michael-front.gif','Michael',100),(7,'./assets/img/Ikki-back.gif','./assets/img/Ikki-front.gif','Ikki',100),(8,'./assets/img/venom-back.gif','./assets/img/venom-front.gif','Venom',20000),(9,'./assets/img/joker-back.gif','./assets/img/joker-front.gif','Joker',10000);
/*!40000 ALTER TABLE `fighters` ENABLE KEYS */;
UNLOCK TABLES;


LOCK TABLES `moves` WRITE;
/*!40000 ALTER TABLE `moves` DISABLE KEYS */;
INSERT INTO `moves` VALUES (1,1,20,'./assets/img/fire.png','Flame','/assets/sounds/SFX/CharizardFlame.mp3',5),(2,2,20,'./assets/img/redSlash.gif','Boomerang Throw','/assets/sounds/SFX/batflap.mp3',1),(3,3,20,'./assets/img/blueSlash.gif','Bite','/assets/sounds/SFX/Ha.mp3',1),(4,4,20,'./assets/img/blueSlash.gif','Punch','/assets/sounds/SFX/vegeta-take-this.mp3',1),(5,5,20,'./assets/img/lightsBall.gif','Energy Ball','/assets/sounds/SFX/Mew1.mp3',1),(6,6,20,'./assets/img/redSlash.gif','Dance Moves','/assets/sounds/SFX/MichaelKick.mp3',1),(7,7,20,'./assets/img/phoenix.gif','Ave Fénix','/assets/sounds/SFX/Phoenix2.mp3',1),(8,1,20,'./assets/img/redSlash.gif','Punch','/assets/sounds/SFX/CharizardPunch.mp3',1),(9,1,20,'./assets/img/aura.gif','Roar','/assets/sounds/SFX/CharizardDefUp.mp3',10),(10,1,6,'./assets/img/ray.gif','Hiper Ray','/assets/sounds/SFX/CharizardHiperRay.mp3',15),(11,3,20,'./assets/img/kameha.gif','Kame Hame Ha','/assets/sounds/SFX/Ha.mp3',5),(12,3,20,'./assets/img/aura.gif','Kaioken','/assets/sounds/SFX/Ha.mp3',10),(13,3,10,'./assets/img/aura.gif','Kaioken(X2)','/assets/sounds/SFX/Ha.mp3',15),(14,5,20,'./assets/img/cloud.gif','Smoke Throw','/assets/sounds/SFX/Mew2.mp3',5),(15,5,20,'./assets/img/petals.gif','Cutie','/assets/sounds/SFX/Mew3.mp3',10),(16,5,20,'./assets/img/ray.gif','Hiper Ray','/assets/sounds/SFX/Mew4.mp3',15),(17,2,20,'./assets/img/moneyThrow.gif','I\'m BATMAN','/assets/sounds/SFX/imbatman.mp3',5),(18,2,20,'./assets/img/2eSd.gif','Cape Cover','/assets/sounds/SFX/batflap.mp3',10),(19,2,20,'./assets/img/bat.gif','BatiBat','/assets/sounds/SFX/batflap.mp3',15),(20,6,20,'/assets/img/5Xyg.gif','Shine','/assets/sounds/SFX/HeeHeeHee.mp3',5),(21,6,20,'./assets/img/ayuwoki.gif','Ayuwoki','/assets/sounds/SFX/Ayuwoki.mp3',10),(22,6,20,'./assets/img/moonWalk.gif','Moon Walk','/assets/sounds/SFX/MoonWalk.mp3',15),(23,4,20,'./assets/img/aura.gif','Power Up','/assets/sounds/SFX/vegeta-ha.mp3',5),(24,4,20,'./assets/img/aura.gif','Sp Power Up','/assets/sounds/SFX/vegeta-ha.mp3',10),(25,4,20,'./assets/img/ray.gif','Final Blast','/assets/sounds/SFX/Resplandor.mp3',15),(26,7,20,'./assets/img/lightBeam.gif','Puño Fantasma','/assets/sounds/SFX/Phoenix3.mp3',5),(27,7,10,'./assets/img/resurgir.gif','Resurgir','/assets/sounds/SFX/Resurgir.mp3',10),(28,7,5,'./assets/img/electric-aura.gif','Séptimo Sentido','/assets/sounds/SFX/Phoenix2.mp3',15),(29,8,20,'./assets/img/spider-web.gif','Spider Web','/assets/sounds/SFX/venom.mp3',2),(30,8,15,'./assets/img/poison.gif','Venom Spit','/assets/sounds/SFX/venom.mp3',5),(31,8,15,'./assets/img/mutation.gif','Mutation','/assets/sounds/SFX/venom2.mp3',10),(32,8,15,'./assets/img/mutation.gif','Heal','/assets/sounds/SFX/venom2.mp3',15),(33,9,20,'./assets/img/YQDj.gif','Bomb Throw','/assets/sounds/SFX/joker-laugh.mp3',1),(34,9,15,'./assets/img/hahaha.gif','Ha Ha Ha','/assets/sounds/SFX/joker-laugh.mp3',5),(35,9,20,'./assets/img/joker-card.gif','Card trick','/assets/sounds/SFX/joker-laugh.mp3',10),(36,9,20,'./assets/img/YQDj.gif','Joke\'s on you','/assets/sounds/SFX/joker-laugh.mp3',15);
/*!40000 ALTER TABLE `moves` ENABLE KEYS */;
UNLOCK TABLES;



--
-- Dumping data for table `movelevels`
--

LOCK TABLES `movelevels` WRITE;
/*!40000 ALTER TABLE `movelevels` DISABLE KEYS */;
INSERT INTO `movelevels` VALUES (1,1,1,0),(2,8,1,0),(3,9,1,0),(4,10,1,0),(5,2,1,0),(6,17,1,0),(7,18,1,0),(8,19,1,0),(9,3,1,0),(10,11,1,0),(11,12,1,0),(12,13,1,0),(13,4,1,0),(14,23,1,0),(15,24,1,0),(16,25,1,0),(17,5,1,0),(18,14,1,0),(19,15,1,0),(20,16,1,0),(21,6,1,0),(22,20,1,0),(23,21,1,0),(24,22,1,0),(25,7,1,0),(26,26,1,0),(27,27,1,0),(28,28,1,0),(29,29,1,0),(30,30,1,0),(31,31,1,0),(32,32,1,0),(33,33,1,0),(34,34,1,0),(35,35,1,0),(36,36,1,0),(64,1,2,100),(65,8,2,100),(66,9,2,100),(67,10,2,100),(68,2,2,100),(69,17,2,100),(70,18,2,100),(71,19,2,100),(72,3,2,100),(73,11,2,100),(74,12,2,100),(75,13,2,100),(76,4,2,100),(77,23,2,100),(78,24,2,100),(79,25,2,100),(80,5,2,100),(81,14,2,100),(82,15,2,100),(83,16,2,100),(84,6,2,100),(85,20,2,100),(86,21,2,100),(87,22,2,100),(88,7,2,100),(89,26,2,100),(90,27,2,100),(91,28,2,100),(92,29,2,100),(93,30,2,100),(94,31,2,100),(95,32,2,100),(96,33,2,100),(97,34,2,100),(98,35,2,100),(99,36,2,100),(127,1,3,300),(128,8,3,300),(129,9,3,300),(130,10,3,300),(131,2,3,300),(132,17,3,300),(133,18,3,300),(134,19,3,300),(135,3,3,300),(136,11,3,300),(137,12,3,300),(138,13,3,300),(139,4,3,300),(140,23,3,300),(141,24,3,300),(142,25,3,300),(143,5,3,300),(144,14,3,300),(145,15,3,300),(146,16,3,300),(147,6,3,300),(148,20,3,300),(149,21,3,300),(150,22,3,300),(151,7,3,300),(152,26,3,300),(153,27,3,300),(154,28,3,300),(155,29,3,300),(156,30,3,300),(157,31,3,300),(158,32,3,300),(159,33,3,300),(160,34,3,300),(161,35,3,300),(162,36,3,300),(190,1,4,600),(191,8,4,600),(192,9,4,600),(193,10,4,600),(194,2,4,600),(195,17,4,600),(196,18,4,600),(197,19,4,600),(198,3,4,600),(199,11,4,600),(200,12,4,600),(201,13,4,600),(202,4,4,600),(203,23,4,600),(204,24,4,600),(205,25,4,600),(206,5,4,600),(207,14,4,600),(208,15,4,600),(209,16,4,600),(210,6,4,600),(211,20,4,600),(212,21,4,600),(213,22,4,600),(214,7,4,600),(215,26,4,600),(216,27,4,600),(217,28,4,600),(218,29,4,600),(219,30,4,600),(220,31,4,600),(221,32,4,600),(222,33,4,600),(223,34,4,600),(224,35,4,600),(225,36,4,600),(253,1,5,1000),(254,8,5,1000),(255,9,5,1000),(256,10,5,1000),(257,2,5,1000),(258,17,5,1000),(259,18,5,1000),(260,19,5,1000),(261,3,5,1000),(262,11,5,1000),(263,12,5,1000),(264,13,5,1000),(265,4,5,1000),(266,23,5,1000),(267,24,5,1000),(268,25,5,1000),(269,5,5,1000),(270,14,5,1000),(271,15,5,1000),(272,16,5,1000),(273,6,5,1000),(274,20,5,1000),(275,21,5,1000),(276,22,5,1000),(277,7,5,1000),(278,26,5,1000),(279,27,5,1000),(280,28,5,1000),(281,29,5,1000),(282,30,5,1000),(283,31,5,1000),(284,32,5,1000),(285,33,5,1000),(286,34,5,1000),(287,35,5,1000),(288,36,5,1000),(316,1,6,1300),(317,8,6,1300),(318,9,6,1300),(319,10,6,1300),(320,2,6,1300),(321,17,6,1300),(322,18,6,1300),(323,19,6,1300),(324,3,6,1300),(325,11,6,1300),(326,12,6,1300),(327,13,6,1300),(328,4,6,1300),(329,23,6,1300),(330,24,6,1300),(331,25,6,1300),(332,5,6,1300),(333,14,6,1300),(334,15,6,1300),(335,16,6,1300),(336,6,6,1300),(337,20,6,1300),(338,21,6,1300),(339,22,6,1300),(340,7,6,1300),(341,26,6,1300),(342,27,6,1300),(343,28,6,1300),(344,29,6,1300),(345,30,6,1300),(346,31,6,1300),(347,32,6,1300),(348,33,6,1300),(349,34,6,1300),(350,35,6,1300),(351,36,6,1300),(379,1,7,1800),(380,8,7,1800),(381,9,7,1800),(382,10,7,1800),(383,2,7,1800),(384,17,7,1800),(385,18,7,1800),(386,19,7,1800),(387,3,7,1800),(388,11,7,1800),(389,12,7,1800),(390,13,7,1800),(391,4,7,1800),(392,23,7,1800),(393,24,7,1800),(394,25,7,1800),(395,5,7,1800),(396,14,7,1800),(397,15,7,1800),(398,16,7,1800),(399,6,7,1800),(400,20,7,1800),(401,21,7,1800),(402,22,7,1800),(403,7,7,1800),(404,26,7,1800),(405,27,7,1800),(406,28,7,1800),(407,29,7,1800),(408,30,7,1800),(409,31,7,1800),(410,32,7,1800),(411,33,7,1800),(412,34,7,1800),(413,35,7,1800),(414,36,7,1800),(442,1,8,2300),(443,8,8,2300),(444,9,8,2300),(445,10,8,2300),(446,2,8,2300),(447,17,8,2300),(448,18,8,2300),(449,19,8,2300),(450,3,8,2300),(451,11,8,2300),(452,12,8,2300),(453,13,8,2300),(454,4,8,2300),(455,23,8,2300),(456,24,8,2300),(457,25,8,2300),(458,5,8,2300),(459,14,8,2300),(460,15,8,2300),(461,16,8,2300),(462,6,8,2300),(463,20,8,2300),(464,21,8,2300),(465,22,8,2300),(466,7,8,2300),(467,26,8,2300),(468,27,8,2300),(469,28,8,2300),(470,29,8,2300),(471,30,8,2300),(472,31,8,2300),(473,32,8,2300),(474,33,8,2300),(475,34,8,2300),(476,35,8,2300),(477,36,8,2300),(505,1,9,3000),(506,8,9,3000),(507,9,9,3000),(508,10,9,3000),(509,2,9,3000),(510,17,9,3000),(511,18,9,3000),(512,19,9,3000),(513,3,9,3000),(514,11,9,3000),(515,12,9,3000),(516,13,9,3000),(517,4,9,3000),(518,23,9,3000),(519,24,9,3000),(520,25,9,3000),(521,5,9,3000),(522,14,9,3000),(523,15,9,3000),(524,16,9,3000),(525,6,9,3000),(526,20,9,3000),(527,21,9,3000),(528,22,9,3000),(529,7,9,3000),(530,26,9,3000),(531,27,9,3000),(532,28,9,3000),(533,29,9,3000),(534,30,9,3000),(535,31,9,3000),(536,32,9,3000),(537,33,9,3000),(538,34,9,3000),(539,35,9,3000),(540,36,9,3000),(568,1,10,4000),(569,8,10,4000),(570,9,10,4000),(571,10,10,4000),(572,2,10,4000),(573,17,10,4000),(574,18,10,4000),(575,19,10,4000),(576,3,10,4000),(577,11,10,4000),(578,12,10,4000),(579,13,10,4000),(580,4,10,4000),(581,23,10,4000),(582,24,10,4000),(583,25,10,4000),(584,5,10,4000),(585,14,10,4000),(586,15,10,4000),(587,16,10,4000),(588,6,10,4000),(589,20,10,4000),(590,21,10,4000),(591,22,10,4000),(592,7,10,4000),(593,26,10,4000),(594,27,10,4000),(595,28,10,4000),(596,29,10,4000),(597,30,10,4000),(598,31,10,4000),(599,32,10,4000),(600,33,10,4000),(601,34,10,4000),(602,35,10,4000),(603,36,10,4000);
/*!40000 ALTER TABLE `movelevels` ENABLE KEYS */;
UNLOCK TABLES;
-- Dumping data for table `fighters`
--

/*!40101 SET character_set_client = @saved_cs_client */;
--
-- Dumping data for table `actionmoves`
--

LOCK TABLES `actionmoves` WRITE;
/*!40000 ALTER TABLE `actionmoves` DISABLE KEYS */;
INSERT INTO `actionmoves` VALUES (1,1,'special','current_hp','enemy',-150,1,1),(2,2,'normal','current_hp','enemy',-200,1,5),(3,3,'normal','current_hp','enemy',-500,1,9),(4,4,'normal','current_hp','enemy',-50,1,13),(5,5,'normal','current_hp','enemy',-150,1,17),(6,6,'normal','current_hp','enemy',-250,1,21),(7,7,'special','current_hp','enemy',-300,1,25),(8,8,'normal','current_hp','enemy',-100,1,2),(9,9,'normal','extra_defense','user',30,1,3),(10,10,'special','current_hp','enemy',-500,1,4),(11,11,'special','current_hp','enemy',-350,1,10),(12,12,'special','extra_attack','user',150,1,11),(13,13,'special','attack_multiplier','user',1,1,12),(14,14,'special','accuracy','enemy',-20,1,18),(15,15,'special','extra_defense','user',30,1,19),(16,16,'special','current_hp','enemy',-300,1,20),(17,17,'normal','extra_defense','enemy',-250,1,6),(18,17,'normal','extra_special_defense','enemy',-250,1,6),(19,18,'normal','extra_defense','user',400,1,7),(20,19,'special','current_hp','enemy',-350,1,8),(21,20,'normal','extra_special_defense','user',200,1,22),(22,21,'normal','current_hp','enemy',-200,1,23),(23,22,'normal','current_hp','enemy',-300,1,24),(24,23,'special','extra_attack','user',150,1,14),(25,24,'special','extra_special_attack','user',300,1,15),(26,25,'special','current_hp','enemy',-200,1,16),(27,26,'normal','current_hp','enemy',-300,1,26),(28,27,'normal','current_hp','user',40,1,27),(29,28,'special','extra_special_attack','user',300,1,28),(30,29,'normal','accuracy','enemy',-10,1,29),(31,30,'normal','extra_special_defense','enemy',-500,1,30),(32,31,'special','current_hp','enemy',-500,1,31),(33,32,'special','current_hp','user',20,1,32),(34,33,'normal','current_hp','enemy',-400,1,33),(35,34,'normal','extra_defense','user',500,1,34),(36,35,'normal','extra_defense','enemy',-400,1,35),(37,36,'normal','current_hp','user',80,1,36),(38,1,'special','current_hp','enemy',-250,2,64),(39,2,'normal','current_hp','enemy',-300,2,68),(40,3,'normal','current_hp','enemy',-600,2,72),(41,4,'normal','current_hp','enemy',-150,2,76),(42,5,'normal','current_hp','enemy',-250,2,80),(43,6,'normal','current_hp','enemy',-350,2,84),(44,7,'special','current_hp','enemy',-400,2,88),(45,8,'normal','current_hp','enemy',-200,2,65),(46,10,'special','current_hp','enemy',-600,2,67),(47,11,'special','current_hp','enemy',-450,2,73),(48,14,'special','accuracy','enemy',-25,2,81),(49,16,'special','current_hp','enemy',-400,2,83),(50,17,'normal','extra_defense','enemy',-350,2,69),(51,17,'normal','extra_special_defense','enemy',-350,2,69),(52,19,'special','current_hp','enemy',-450,2,71),(53,21,'normal','current_hp','enemy',-300,2,86),(54,22,'normal','current_hp','enemy',-400,2,87),(55,25,'special','current_hp','enemy',-300,2,79),(56,26,'normal','current_hp','enemy',-400,2,89),(57,29,'normal','accuracy','enemy',-12,2,92),(58,30,'normal','extra_special_defense','enemy',-600,2,93),(59,31,'special','current_hp','enemy',-600,2,94),(60,33,'normal','current_hp','enemy',-500,2,96),(61,35,'normal','extra_defense','enemy',-500,2,98),(69,1,'special','current_hp','enemy',-450,3,127),(70,2,'normal','current_hp','enemy',-500,3,131),(71,3,'normal','current_hp','enemy',-800,3,135),(72,4,'normal','current_hp','enemy',-350,3,139),(73,5,'normal','current_hp','enemy',-450,3,143),(74,6,'normal','current_hp','enemy',-550,3,147),(75,7,'special','current_hp','enemy',-600,3,151),(76,8,'normal','current_hp','enemy',-400,3,128),(77,10,'special','current_hp','enemy',-800,3,130),(78,11,'special','current_hp','enemy',-650,3,136),(79,14,'special','accuracy','enemy',-30,3,144),(80,16,'special','current_hp','enemy',-600,3,146),(81,17,'normal','extra_defense','enemy',-550,3,132),(82,17,'normal','extra_special_defense','enemy',-550,3,132),(83,19,'special','current_hp','enemy',-650,3,134),(84,21,'normal','current_hp','enemy',-500,3,149),(85,22,'normal','current_hp','enemy',-600,3,150),(86,25,'special','current_hp','enemy',-500,3,142),(87,26,'normal','current_hp','enemy',-600,3,152),(88,29,'normal','accuracy','enemy',-14,3,155),(89,30,'normal','extra_special_defense','enemy',-800,3,156),(90,31,'special','current_hp','enemy',-800,3,157),(91,33,'normal','current_hp','enemy',-700,3,159),(92,35,'normal','extra_defense','enemy',-700,3,161),(93,1,'special','current_hp','enemy',-550,4,190),(94,2,'normal','current_hp','enemy',-600,4,194),(95,3,'normal','current_hp','enemy',-900,4,198),(96,4,'normal','current_hp','enemy',-450,4,202),(97,5,'normal','current_hp','enemy',-550,4,206),(98,6,'normal','current_hp','enemy',-650,4,210),(99,7,'special','current_hp','enemy',-700,4,214),(100,8,'normal','current_hp','enemy',-500,4,191),(101,10,'special','current_hp','enemy',-900,4,193),(102,11,'special','current_hp','enemy',-750,4,199),(103,14,'special','accuracy','enemy',-35,4,207),(104,16,'special','current_hp','enemy',-700,4,209),(105,17,'normal','extra_defense','enemy',-650,4,195),(106,17,'normal','extra_special_defense','enemy',-650,4,195),(107,19,'special','current_hp','enemy',-750,4,197),(108,21,'normal','current_hp','enemy',-600,4,212),(109,22,'normal','current_hp','enemy',-700,4,213),(110,25,'special','current_hp','enemy',-600,4,205),(111,26,'normal','current_hp','enemy',-700,4,215),(112,29,'normal','accuracy','enemy',-16,4,218),(113,30,'normal','extra_special_defense','enemy',-900,4,219),(114,31,'special','current_hp','enemy',-900,4,220),(115,33,'normal','current_hp','enemy',-800,4,222),(116,35,'normal','extra_defense','enemy',-800,4,224),(124,1,'special','current_hp','enemy',-650,5,253),(125,2,'normal','current_hp','enemy',-700,5,257),(126,3,'normal','current_hp','enemy',-1000,5,261),(127,4,'normal','current_hp','enemy',-550,5,265),(128,5,'normal','current_hp','enemy',-650,5,269),(129,6,'normal','current_hp','enemy',-750,5,273),(130,7,'special','current_hp','enemy',-800,5,277),(131,8,'normal','current_hp','enemy',-600,5,254),(132,10,'special','current_hp','enemy',-1000,5,256),(133,11,'special','current_hp','enemy',-850,5,262),(134,14,'special','accuracy','enemy',-40,5,270),(135,16,'special','current_hp','enemy',-800,5,272),(136,17,'normal','extra_defense','enemy',-750,5,258),(137,17,'normal','extra_special_defense','enemy',-750,5,258),(138,19,'special','current_hp','enemy',-850,5,260),(139,21,'normal','current_hp','enemy',-700,5,275),(140,22,'normal','current_hp','enemy',-800,5,276),(141,25,'special','current_hp','enemy',-700,5,268),(142,26,'normal','current_hp','enemy',-800,5,278),(143,29,'normal','accuracy','enemy',-20,5,281),(144,30,'normal','extra_special_defense','enemy',-1000,5,282),(145,31,'special','current_hp','enemy',-1000,5,283),(146,33,'normal','current_hp','enemy',-900,5,285),(147,35,'normal','extra_defense','enemy',-900,5,287),(155,1,'special','current_hp','enemy',-750,6,316),(156,2,'normal','current_hp','enemy',-800,6,320),(157,3,'normal','current_hp','enemy',-1100,6,324),(158,4,'normal','current_hp','enemy',-650,6,328),(159,5,'normal','current_hp','enemy',-750,6,332),(160,6,'normal','current_hp','enemy',-850,6,336),(161,7,'special','current_hp','enemy',-900,6,340),(162,8,'normal','current_hp','enemy',-700,6,317),(163,10,'special','current_hp','enemy',-1100,6,319),(164,11,'special','current_hp','enemy',-950,6,325),(165,14,'special','accuracy','enemy',-45,6,333),(166,16,'special','current_hp','enemy',-900,6,335),(167,17,'normal','extra_defense','enemy',-850,6,321),(168,17,'normal','extra_special_defense','enemy',-850,6,321),(169,19,'special','current_hp','enemy',-950,6,323),(170,21,'normal','current_hp','enemy',-800,6,338),(171,22,'normal','current_hp','enemy',-900,6,339),(172,25,'special','current_hp','enemy',-800,6,331),(173,26,'normal','current_hp','enemy',-900,6,341),(174,29,'normal','accuracy','enemy',-25,6,344),(175,30,'normal','extra_special_defense','enemy',-1100,6,345),(176,31,'special','current_hp','enemy',-1100,6,346),(177,33,'normal','current_hp','enemy',-1000,6,348),(178,35,'normal','extra_defense','enemy',-1000,6,350),(186,1,'special','current_hp','enemy',-850,7,379),(187,2,'normal','current_hp','enemy',-900,7,383),(188,3,'normal','current_hp','enemy',-1200,7,387),(189,4,'normal','current_hp','enemy',-750,7,391),(190,5,'normal','current_hp','enemy',-850,7,395),(191,6,'normal','current_hp','enemy',-950,7,399),(192,7,'special','current_hp','enemy',-1000,7,403),(193,8,'normal','current_hp','enemy',-800,7,380),(194,10,'special','current_hp','enemy',-1200,7,382),(195,11,'special','current_hp','enemy',-1050,7,388),(196,14,'special','accuracy','enemy',-50,7,396),(197,16,'special','current_hp','enemy',-1000,7,398),(198,17,'normal','extra_defense','enemy',-950,7,384),(199,17,'normal','extra_special_defense','enemy',-950,7,384),(200,19,'special','current_hp','enemy',-1050,7,386),(201,21,'normal','current_hp','enemy',-900,7,401),(202,22,'normal','current_hp','enemy',-1000,7,402),(203,25,'special','current_hp','enemy',-900,7,394),(204,26,'normal','current_hp','enemy',-1000,7,404),(205,29,'normal','accuracy','enemy',-30,7,407),(206,30,'normal','extra_special_defense','enemy',-1200,7,408),(207,31,'special','current_hp','enemy',-1200,7,409),(208,33,'normal','current_hp','enemy',-1100,7,411),(209,35,'normal','extra_defense','enemy',-1100,7,413),(217,1,'special','current_hp','enemy',-950,8,442),(218,2,'normal','current_hp','enemy',-1000,8,446),(219,3,'normal','current_hp','enemy',-1300,8,450),(220,4,'normal','current_hp','enemy',-850,8,454),(221,5,'normal','current_hp','enemy',-950,8,458),(222,6,'normal','current_hp','enemy',-1050,8,462),(223,7,'special','current_hp','enemy',-1100,8,466),(224,8,'normal','current_hp','enemy',-900,8,443),(225,10,'special','current_hp','enemy',-1300,8,445),(226,11,'special','current_hp','enemy',-1150,8,451),(227,14,'special','accuracy','enemy',-55,8,459),(228,16,'special','current_hp','enemy',-1100,8,461),(229,17,'normal','extra_defense','enemy',-1050,8,447),(230,17,'normal','extra_special_defense','enemy',-1050,8,447),(231,19,'special','current_hp','enemy',-1150,8,449),(232,21,'normal','current_hp','enemy',-1000,8,464),(233,22,'normal','current_hp','enemy',-1100,8,465),(234,25,'special','current_hp','enemy',-1000,8,457),(235,26,'normal','current_hp','enemy',-1100,8,467),(236,29,'normal','accuracy','enemy',-35,8,470),(237,30,'normal','extra_special_defense','enemy',-1300,8,471),(238,31,'special','current_hp','enemy',-1300,8,472),(239,33,'normal','current_hp','enemy',-1200,8,474),(240,35,'normal','extra_defense','enemy',-1200,8,476),(248,1,'special','current_hp','enemy',-1050,9,505),(249,2,'normal','current_hp','enemy',-1100,9,509),(250,3,'normal','current_hp','enemy',-1400,9,513),(251,4,'normal','current_hp','enemy',-950,9,517),(252,5,'normal','current_hp','enemy',-1050,9,521),(253,6,'normal','current_hp','enemy',-1150,9,525),(254,7,'special','current_hp','enemy',-1200,9,529),(255,8,'normal','current_hp','enemy',-1000,9,506),(256,10,'special','current_hp','enemy',-1400,9,508),(257,11,'special','current_hp','enemy',-1250,9,514),(258,14,'special','accuracy','enemy',-60,9,522),(259,16,'special','current_hp','enemy',-1200,9,524),(260,17,'normal','extra_defense','enemy',-1150,9,510),(261,17,'normal','extra_special_defense','enemy',-1150,9,510),(262,19,'special','current_hp','enemy',-1250,9,512),(263,21,'normal','current_hp','enemy',-1100,9,527),(264,22,'normal','current_hp','enemy',-1200,9,528),(265,25,'special','current_hp','enemy',-1100,9,520),(266,26,'normal','current_hp','enemy',-1200,9,530),(267,29,'normal','accuracy','enemy',-38,9,533),(268,30,'normal','extra_special_defense','enemy',-1400,9,534),(269,31,'special','current_hp','enemy',-1400,9,535),(270,33,'normal','current_hp','enemy',-1300,9,537),(271,35,'normal','extra_defense','enemy',-1300,9,539),(279,1,'special','current_hp','enemy',-1150,10,568),(280,2,'normal','current_hp','enemy',-1200,10,572),(281,3,'normal','current_hp','enemy',-1500,10,576),(282,4,'normal','current_hp','enemy',-1050,10,580),(283,5,'normal','current_hp','enemy',-1150,10,584),(284,6,'normal','current_hp','enemy',-1250,10,588),(285,7,'special','current_hp','enemy',-1300,10,592),(286,8,'normal','current_hp','enemy',-1100,10,569),(287,10,'special','current_hp','enemy',-1500,10,571),(288,11,'special','current_hp','enemy',-1350,10,577),(289,14,'special','accuracy','enemy',-65,10,585),(290,16,'special','current_hp','enemy',-1300,10,587),(291,17,'normal','extra_defense','enemy',-1250,10,573),(292,17,'normal','extra_special_defense','enemy',-1250,10,573),(293,19,'special','current_hp','enemy',-1350,10,575),(294,21,'normal','current_hp','enemy',-1200,10,590),(295,22,'normal','current_hp','enemy',-1300,10,591),(296,25,'special','current_hp','enemy',-1200,10,583),(297,26,'normal','current_hp','enemy',-1300,10,593),(298,29,'normal','accuracy','enemy',-45,10,596),(299,30,'normal','extra_special_defense','enemy',-1500,10,597),(300,31,'special','current_hp','enemy',-1500,10,598),(301,33,'normal','current_hp','enemy',-1400,10,600),(302,35,'normal','extra_defense','enemy',-1400,10,602),(310,9,'normal','extra_defense','user',130,2,66),(311,12,'special','extra_attack','user',250,2,74),(312,13,'special','attack_multiplier','user',1,2,75),(313,15,'special','extra_defense','user',130,2,82),(314,18,'normal','extra_defense','user',500,2,70),(315,20,'normal','extra_special_defense','user',300,2,85),(316,23,'special','extra_attack','user',250,2,77),(317,24,'special','extra_special_attack','user',400,2,78),(318,27,'normal','current_hp','user',42,2,90),(319,28,'special','extra_special_attack','user',400,2,91),(320,32,'special','current_hp','user',22,2,95),(321,34,'normal','extra_defense','user',600,2,97),(322,36,'normal','current_hp','user',82,2,99),(325,9,'normal','extra_defense','user',230,3,129),(326,12,'special','extra_attack','user',350,3,137),(327,13,'special','attack_multiplier','user',1,3,138),(328,15,'special','extra_defense','user',230,3,145),(329,18,'normal','extra_defense','user',600,3,133),(330,20,'normal','extra_special_defense','user',400,3,148),(331,23,'special','extra_attack','user',350,3,140),(332,24,'special','extra_special_attack','user',500,3,141),(333,27,'normal','current_hp','user',44,3,153),(334,28,'special','extra_special_attack','user',500,3,154),(335,32,'special','current_hp','user',24,3,158),(336,34,'normal','extra_defense','user',700,3,160),(337,36,'normal','current_hp','user',84,3,162),(340,9,'normal','extra_defense','user',330,4,192),(341,12,'special','extra_attack','user',450,4,200),(342,13,'special','attack_multiplier','user',1,4,201),(343,15,'special','extra_defense','user',330,4,208),(344,18,'normal','extra_defense','user',700,4,196),(345,20,'normal','extra_special_defense','user',500,4,211),(346,23,'special','extra_attack','user',450,4,203),(347,24,'special','extra_special_attack','user',600,4,204),(348,27,'normal','current_hp','user',46,4,216),(349,28,'special','extra_special_attack','user',600,4,217),(350,32,'special','current_hp','user',26,4,221),(351,34,'normal','extra_defense','user',800,4,223),(352,36,'normal','current_hp','user',86,4,225),(355,9,'normal','extra_defense','user',430,5,255),(356,12,'special','extra_attack','user',550,5,263),(357,13,'special','attack_multiplier','user',1,5,264),(358,15,'special','extra_defense','user',430,5,271),(359,18,'normal','extra_defense','user',800,5,259),(360,20,'normal','extra_special_defense','user',600,5,274),(361,23,'special','extra_attack','user',550,5,266),(362,24,'special','extra_special_attack','user',700,5,267),(363,27,'normal','current_hp','user',48,5,279),(364,28,'special','extra_special_attack','user',700,5,280),(365,32,'special','current_hp','user',28,5,284),(366,34,'normal','extra_defense','user',900,5,286),(367,36,'normal','current_hp','user',88,5,288),(370,9,'normal','extra_defense','user',530,6,318),(371,12,'special','extra_attack','user',650,6,326),(372,13,'special','attack_multiplier','user',1,6,327),(373,15,'special','extra_defense','user',530,6,334),(374,18,'normal','extra_defense','user',900,6,322),(375,20,'normal','extra_special_defense','user',700,6,337),(376,23,'special','extra_attack','user',650,6,329),(377,24,'special','extra_special_attack','user',800,6,330),(378,27,'normal','current_hp','user',50,6,342),(379,28,'special','extra_special_attack','user',800,6,343),(380,32,'special','current_hp','user',30,6,347),(381,34,'normal','extra_defense','user',1000,6,349),(382,36,'normal','current_hp','user',90,6,351),(385,9,'normal','extra_defense','user',630,7,381),(386,12,'special','extra_attack','user',750,7,389),(387,13,'special','attack_multiplier','user',1,7,390),(388,15,'special','extra_defense','user',630,7,397),(389,18,'normal','extra_defense','user',1000,7,385),(390,20,'normal','extra_special_defense','user',800,7,400),(391,23,'special','extra_attack','user',750,7,392),(392,24,'special','extra_special_attack','user',900,7,393),(393,27,'normal','current_hp','user',54,7,405),(394,28,'special','extra_special_attack','user',900,7,406),(395,32,'special','current_hp','user',32,7,410),(396,34,'normal','extra_defense','user',1100,7,412),(397,36,'normal','current_hp','user',92,7,414),(400,9,'normal','extra_defense','user',730,8,444),(401,12,'special','extra_attack','user',850,8,452),(402,13,'special','attack_multiplier','user',1,8,453),(403,15,'special','extra_defense','user',730,8,460),(404,18,'normal','extra_defense','user',1100,8,448),(405,20,'normal','extra_special_defense','user',900,8,463),(406,23,'special','extra_attack','user',850,8,455),(407,24,'special','extra_special_attack','user',1000,8,456),(408,27,'normal','current_hp','user',56,8,468),(409,28,'special','extra_special_attack','user',1000,8,469),(410,32,'special','current_hp','user',34,8,473),(411,34,'normal','extra_defense','user',1200,8,475),(412,36,'normal','current_hp','user',94,8,477),(415,9,'normal','extra_defense','user',830,9,507),(416,12,'special','extra_attack','user',950,9,515),(417,13,'special','attack_multiplier','user',1,9,516),(418,15,'special','extra_defense','user',830,9,523),(419,18,'normal','extra_defense','user',1200,9,511),(420,20,'normal','extra_special_defense','user',1000,9,526),(421,23,'special','extra_attack','user',950,9,518),(422,24,'special','extra_special_attack','user',1100,9,519),(423,27,'normal','current_hp','user',58,9,531),(424,28,'special','extra_special_attack','user',1100,9,532),(425,32,'special','current_hp','user',36,9,536),(426,34,'normal','extra_defense','user',1300,9,538),(427,36,'normal','current_hp','user',96,9,540),(430,9,'normal','extra_defense','user',930,10,570),(431,12,'special','extra_attack','user',1050,10,578),(432,13,'special','attack_multiplier','user',1,10,579),(433,15,'special','extra_defense','user',930,10,586),(434,18,'normal','extra_defense','user',1300,10,574),(435,20,'normal','extra_special_defense','user',1100,10,589),(436,23,'special','extra_attack','user',1050,10,581),(437,24,'special','extra_special_attack','user',1200,10,582),(438,27,'normal','current_hp','user',60,10,594),(439,28,'special','extra_special_attack','user',1200,10,595),(440,32,'special','current_hp','user',40,10,599),(441,34,'normal','extra_defense','user',1400,10,601),(442,36,'normal','current_hp','user',100,10,603);
/*!40000 ALTER TABLE `actionmoves` ENABLE KEYS */;
UNLOCK TABLES;


--
-- Table structure for table `objects`
--

DROP TABLE IF EXISTS `objects`;
/*!40101 SET @saved_cs_client     = @@character_set_client */;
/*!50503 SET character_set_client = utf8mb4 */;
CREATE TABLE `objects` (
  `object_id` int NOT NULL AUTO_INCREMENT,
  `category` varchar(50) NOT NULL,
  `description` varchar(255) NOT NULL,
  `img` varchar(255) NOT NULL,
  `name` varchar(50) NOT NULL,
  `price` int NOT NULL,
  `quantity` int NOT NULL,
  `type` varchar(50) NOT NULL,
  PRIMARY KEY (`object_id`)
) ENGINE=InnoDB AUTO_INCREMENT=8 DEFAULT CHARSET=latin1;
/*!40101 SET character_set_client = @saved_cs_client */;

--
-- Dumping data for table `objects`
--

LOCK TABLES `objects` WRITE;
/*!40000 ALTER TABLE `objects` DISABLE KEYS */;
INSERT INTO `objects` VALUES (1,'battleItem','Heals the user 2000 HP','./assets/img/potion.png','potion',150,1,'consumable'),(2,'battleItem','Heals the user 5000 HP','./assets/img/potion.png','super_potion',100,1,'consumable'),(3,'battleItem','Increases user defense by 150','./assets/img/milanesa.png','milanesa',100,1,'consumable'),(4,'battleItem','Increases user attack by 100','./assets/img/hardBoiledEgg.png','huevo_duro',100,1,'consumable'),(5,'battleItem','Increase accuracy by 25','./assets/img/potion.png','dopamine',100,1,'consumable'),(6,'battleItem','Increase special attack by 150','./assets/img/coffee.png','coffee',100,1,'consumable'),(7,'userItem','Money','./assets/img/money.png','Money',1,1,'consumable');
/*!40000 ALTER TABLE `objects` ENABLE KEYS */;
UNLOCK TABLES;

--
-- Table structure for table `actionobjects`
--

DROP TABLE IF EXISTS `actionobjects`;
/*!40101 SET @saved_cs_client     = @@character_set_client */;
/*!50503 SET character_set_client = utf8mb4 */;
CREATE TABLE `actionobjects` (
  `action_object_id` int NOT NULL AUTO_INCREMENT,
  `object_id` int NOT NULL,
  `field` varchar(50) NOT NULL,
  `inflicted_on` varchar(50) NOT NULL,
  `value` int NOT NULL,
  PRIMARY KEY (`action_object_id`),
  KEY `objetc_actions` (`object_id`),
  CONSTRAINT `objetc_actions` FOREIGN KEY (`object_id`) REFERENCES `objects` (`object_id`)
) ENGINE=InnoDB AUTO_INCREMENT=7 DEFAULT CHARSET=latin1;
/*!40101 SET character_set_client = @saved_cs_client */;

--
-- Dumping data for table `actionobjects`
--

LOCK TABLES `actionobjects` WRITE;
/*!40000 ALTER TABLE `actionobjects` DISABLE KEYS */;
INSERT INTO `actionobjects` VALUES (1,1,'current_hp','user',2000),(2,2,'current_hp','user',5000),(3,3,'extra_defense','user',500),(4,4,'extra_attack','user',200),(5,5,'extra_accuracy','user',25),(6,6,'extra_special_attack','user',200);
/*!40000 ALTER TABLE `actionobjects` ENABLE KEYS */;
UNLOCK TABLES;

--
-- Table structure for table `fighterlevels`
--

DROP TABLE IF EXISTS `fighterlevels`;
/*!40101 SET @saved_cs_client     = @@character_set_client */;
/*!50503 SET character_set_client = utf8mb4 */;
CREATE TABLE `fighterlevels` (
  `fighter_id` int DEFAULT NULL,
  `level` int DEFAULT NULL,
  `min_xp` int DEFAULT NULL,
  `attack` int DEFAULT NULL,
  `special_attack` int DEFAULT NULL,
  `defense` int DEFAULT NULL,
  `special_defense` int DEFAULT NULL,
  `max_hp` int DEFAULT NULL,
  `accuracy` int DEFAULT NULL,
  `fighter_level_id` int NOT NULL AUTO_INCREMENT,
  PRIMARY KEY (`fighter_level_id`)
) ENGINE=InnoDB DEFAULT CHARSET=utf8;
/*!40101 SET character_set_client = @saved_cs_client */;

--
-- Dumping data for table `fighterlevels`
--

LOCK TABLES `fighterlevels` WRITE;
/*!40000 ALTER TABLE `fighterlevels` DISABLE KEYS */;
INSERT INTO `fighterlevels` VALUES (1,1,100,52,30,30,79,361,65,1),(1,2,400,206,218,145,169,1361,65,2),(1,3,900,296,308,264,259,2261,65,3),(1,4,1600,386,409,377,352,3295,65,4),(1,5,2500,476,532,480,442,4275,65,5),(1,6,3600,566,622,587,532,5359,65,6),(1,7,4900,656,712,677,622,6292,65,7),(1,8,6400,762,806,767,712,7411,65,8),(1,9,8100,852,896,857,802,8311,65,9),(1,10,10000,942,986,947,907,9404,65,10),(1,11,12100,1032,1137,1037,1004,10391,65,11),(1,12,14400,1122,1227,1142,1094,11366,65,12),(1,13,16900,1212,1317,1232,1195,12276,65,13),(1,14,19600,1302,1422,1322,1300,13407,65,14),(1,15,22500,1444,1512,1416,1390,14325,65,15),(1,16,25600,1534,1602,1512,1489,15388,65,16),(1,17,28900,1624,1692,1619,1579,16353,65,17),(1,18,32400,1714,1782,1717,1669,17315,65,18),(1,19,36100,1804,1872,1807,1759,18242,75,19),(1,20,40000,1894,1962,1897,1849,19420,84,20),(1,21,44100,2000,2052,1987,1961,20320,84,21),(1,22,48400,2099,2155,2077,2051,21370,84,22),(1,23,52900,2204,2245,2167,2165,22337,86,23),(1,24,57600,2298,2359,2257,2255,23438,86,24),(1,25,62500,2388,2449,2347,2345,24349,87,25),(1,26,67600,2478,2539,2437,2435,25254,87,26),(1,27,72900,2568,2629,2527,2525,26230,87,27),(1,28,78400,2658,2719,2624,2615,27339,87,28),(1,29,84100,2748,2809,2714,2721,28239,87,29),(1,30,90000,2838,2899,2804,2811,29290,87,30),(1,31,96100,2928,3002,2902,2901,30376,87,31),(1,32,102400,3018,3092,2992,2991,31433,87,32),(1,33,108900,3116,3182,3131,3118,32445,92,33),(1,34,115600,3236,3272,3239,3208,33345,92,34),(1,35,122500,3326,3362,3342,3301,34430,92,35),(1,36,129600,3416,3497,3432,3391,35445,100,36),(1,37,136900,3506,3587,3522,3491,36345,100,37),(1,38,144400,3596,3677,3612,3581,37447,100,38),(1,39,152100,3686,3767,3707,3673,38417,100,39),(1,40,160000,3776,3857,3797,3763,39415,100,40),(1,41,168100,3877,3976,3887,3873,40315,105,41),(1,42,176400,4008,4066,3977,3963,41215,105,42),(1,43,184900,4098,4156,4086,4062,42407,105,43),(1,44,193600,4188,4246,4176,4152,43307,105,44),(1,45,202500,4278,4345,4266,4257,44313,105,45),(1,46,211600,4368,4435,4387,4347,45385,105,46),(1,47,220900,4480,4525,4477,4437,46300,105,47),(1,48,230400,4570,4623,4573,4527,47392,105,48),(1,49,240100,4660,4735,4663,4619,48292,105,49),(1,50,250000,4750,4825,4753,4721,49210,105,50),(1,51,260100,4840,4915,4845,4811,50429,105,51),(1,52,270400,4943,5005,4935,4918,51329,116,52),(1,53,280900,5033,5105,5025,5008,52330,116,53),(1,54,291600,5123,5195,5115,5098,53435,116,54),(1,55,302500,5218,5285,5235,5188,54335,116,55),(1,56,313600,5308,5375,5325,5278,55399,116,56),(1,57,324900,5398,5490,5415,5370,56304,116,57),(1,58,336400,5524,5580,5505,5492,57391,116,58),(1,59,348100,5614,5670,5595,5582,58447,116,59),(1,60,360000,5704,5760,5693,5672,59347,116,60),(1,61,372100,5794,5850,5783,5762,60445,116,61),(1,62,384400,5884,5978,5873,5852,61448,116,62),(1,63,396900,5991,6068,5963,5942,62348,119,63),(1,64,409600,6081,6161,6092,6032,63248,119,64),(1,65,422500,6184,6251,6182,6139,64316,119,65),(1,66,435600,6274,6341,6272,6229,65338,131,66),(1,67,448900,6364,6431,6362,6319,66392,131,67),(1,68,462400,6474,6521,6462,6409,67292,131,68),(1,69,476100,6564,6611,6552,6499,68223,133,69),(1,70,490000,6654,6701,6642,6630,69216,133,70),(1,71,504100,6749,6791,6732,6720,70425,133,71),(1,72,518400,6839,6883,6822,6810,71325,133,72),(1,73,532900,6929,6973,6945,6900,72346,133,73),(1,74,547600,7019,7063,7035,6990,73349,133,74),(1,75,562500,7109,7204,7125,7080,74291,133,75),(1,76,577600,7237,7294,7237,7194,75209,133,76),(1,77,592900,7333,7384,7327,7284,76320,135,77),(1,78,608400,7423,7474,7417,7388,77359,135,78),(1,79,624100,7513,7565,7523,7478,78263,135,79),(1,80,640000,7603,7655,7613,7583,79324,135,80),(1,81,656100,7693,7757,7713,7673,80445,142,81),(1,82,672400,7783,7847,7803,7763,81345,142,82),(1,83,688900,7899,7937,7893,7858,82288,142,83),(1,84,705600,7989,8027,7983,7948,83357,142,84),(1,85,722500,8079,8117,8073,8038,84314,142,85),(1,86,739600,8169,8207,8163,8138,85302,142,86),(1,87,756900,8259,8339,8253,8228,86411,146,87),(1,88,774400,8349,8436,8358,8318,87374,146,88),(1,89,792100,8439,8526,8457,8417,88356,146,89),(1,90,810000,8529,8616,8547,8517,89256,146,90),(1,91,828100,8663,8706,8643,8607,90299,146,91),(1,92,846400,8753,8796,8737,8697,91381,146,92),(1,93,864900,8843,8913,8827,8787,92423,146,93),(1,94,883600,8942,9003,8917,8887,93323,146,94),(1,95,902500,9032,9093,9007,8977,94414,152,95),(1,96,921600,9122,9183,9139,9067,95314,152,96),(1,97,940900,9229,9273,9229,9157,96297,152,97),(1,98,960400,9319,9363,9319,9275,97260,152,98),(1,99,980100,9424,9470,9409,9370,98376,152,99),(1,100,500000,9514,9581,9513,9481,99344,162,100),(2,1,100,48,17,115,56,266,65,101),(2,2,400,174,197,205,146,1225,65,102),(2,3,900,264,342,309,236,2223,65,103),(2,4,1600,354,432,399,360,3275,65,104),(2,5,2500,455,522,496,450,4201,65,105),(2,6,3600,545,612,594,540,5209,65,106),(2,7,4900,635,702,684,634,6202,65,107),(2,8,6400,733,792,774,724,7226,71,108),(2,9,8100,834,894,864,814,8264,71,109),(2,10,10000,924,984,954,929,9231,71,110),(2,11,12100,1014,1102,1069,1019,10275,71,111),(2,12,14400,1104,1192,1167,1109,11230,72,112),(2,13,16900,1194,1282,1257,1218,12277,72,113),(2,14,19600,1284,1372,1347,1308,13201,76,114),(2,15,22500,1374,1471,1437,1406,14298,76,115),(2,16,25600,1484,1561,1527,1496,15224,76,116),(2,17,28900,1574,1665,1617,1598,16230,80,117),(2,18,32400,1700,1760,1707,1688,17258,80,118),(2,19,36100,1790,1850,1797,1779,18249,80,119),(2,20,40000,1880,1957,1887,1882,19294,80,120),(2,21,44100,1985,2047,1977,1972,20207,80,121),(2,22,48400,2079,2137,2067,2066,21281,80,122),(2,23,52900,2169,2227,2199,2156,22295,80,123),(2,24,57600,2271,2326,2298,2246,23258,80,124),(2,25,62500,2361,2416,2388,2343,24290,80,125),(2,26,67600,2451,2506,2501,2433,25211,80,126),(2,27,72900,2541,2596,2591,2525,26273,80,127),(2,28,78400,2653,2719,2681,2619,27291,83,128),(2,29,84100,2743,2809,2771,2709,28287,83,129),(2,30,90000,2843,2899,2861,2823,29208,83,130),(2,31,96100,2933,2989,2951,2924,30270,83,131),(2,32,102400,3035,3099,3063,3016,31202,83,132),(2,33,108900,3125,3189,3153,3106,32292,83,133),(2,34,115600,3215,3279,3267,3214,33211,93,134),(2,35,122500,3305,3373,3357,3304,34277,93,135),(2,36,129600,3416,3463,3447,3394,35250,93,136),(2,37,136900,3506,3553,3537,3484,36276,93,137),(2,38,144400,3596,3643,3627,3579,37283,93,138),(2,39,152100,3696,3733,3717,3688,38260,97,139),(2,40,160000,3786,3823,3807,3782,39298,97,140),(2,41,168100,3876,3913,3897,3872,40205,97,141),(2,42,176400,3974,4003,4018,3962,41207,97,142),(2,43,184900,4076,4093,4108,4061,42206,97,143),(2,44,193600,4166,4211,4198,4151,43218,97,144),(2,45,202500,4272,4301,4288,4244,44259,97,145),(2,46,211600,4362,4391,4378,4334,45221,97,146),(2,47,220900,4452,4481,4468,4441,46244,105,147),(2,48,230400,4550,4571,4558,4531,47206,105,148),(2,49,240100,4640,4689,4648,4626,48252,105,149),(2,50,250000,4730,4791,4738,4725,49246,105,150),(2,51,260100,4829,4881,4862,4815,50219,105,151),(2,52,270400,4935,4996,4952,4905,51292,105,152),(2,53,280900,5025,5086,5071,5002,52279,105,153),(2,54,291600,5121,5176,5161,5092,53200,105,154),(2,55,302500,5211,5290,5251,5182,54220,110,155),(2,56,313600,5301,5380,5341,5272,55294,121,156),(2,57,324900,5391,5470,5431,5362,56207,121,157),(2,58,336400,5481,5560,5521,5492,57291,121,158),(2,59,348100,5578,5650,5611,5582,58225,121,159),(2,60,360000,5699,5740,5721,5672,59237,121,160),(2,61,372100,5789,5830,5811,5762,60240,121,161),(2,62,384400,5879,5920,5901,5852,61241,121,162),(2,63,396900,5969,6010,6011,5942,62260,121,163),(2,64,409600,6059,6100,6101,6032,63245,121,164),(2,65,422500,6149,6190,6212,6158,64209,121,165),(2,66,435600,6239,6280,6302,6248,65221,121,166),(2,67,448900,6340,6370,6392,6338,66256,121,167),(2,68,462400,6430,6460,6482,6428,67267,130,168),(2,69,476100,6520,6578,6572,6518,68245,130,169),(2,70,490000,6610,6671,6662,6610,69263,130,170),(2,71,504100,6700,6804,6752,6700,70282,130,171),(2,72,518400,6821,6894,6856,6804,71276,130,172),(2,73,532900,6921,6984,6946,6894,72201,130,173),(2,74,547600,7015,7095,7044,7004,73276,130,174),(2,75,562500,7105,7185,7155,7094,74290,130,175),(2,76,577600,7215,7275,7245,7184,75260,130,176),(2,77,592900,7305,7365,7335,7290,76281,130,177),(2,78,608400,7395,7455,7425,7394,77279,130,178),(2,79,624100,7485,7545,7515,7484,78276,130,179),(2,80,640000,7575,7635,7605,7574,79204,130,180),(2,81,656100,7675,7758,7727,7664,80258,130,181),(2,82,672400,7765,7848,7817,7765,81293,130,182),(2,83,688900,7867,7938,7907,7863,82244,130,183),(2,84,705600,7957,8028,7997,7953,83227,130,184),(2,85,722500,8047,8118,8087,8043,84267,130,185),(2,86,739600,8152,8208,8177,8133,85223,130,186),(2,87,756900,8242,8298,8267,8223,86267,130,187),(2,88,774400,8332,8388,8380,8333,87260,141,188),(2,89,792100,8422,8478,8470,8423,88231,146,189),(2,90,810000,8512,8568,8560,8525,89236,146,190),(2,91,828100,8610,8658,8679,8615,90239,146,191),(2,92,846400,8700,8748,8769,8705,91266,146,192),(2,93,864900,8790,8851,8859,8807,92290,156,193),(2,94,883600,8923,8999,8949,8900,93226,156,194),(2,95,902500,9013,9089,9039,8993,94281,156,195),(2,96,921600,9105,9179,9156,9083,95247,156,196),(2,97,940900,9195,9269,9246,9173,96206,156,197),(2,98,960400,9307,9359,9336,9283,97266,156,198),(2,99,980100,9397,9449,9426,9373,98257,159,199),(2,100,500000,9488,9539,9516,9463,99252,159,200),(3,1,100,95,85,77,44,244,65,201),(3,2,400,185,235,167,167,1236,65,202),(3,3,900,275,325,265,257,2211,65,203),(3,4,1600,365,415,355,347,3313,65,204),(3,5,2500,455,522,445,444,4320,65,205),(3,6,3600,577,612,535,535,5266,71,206),(3,7,4900,672,702,649,641,6297,71,207),(3,8,6400,762,792,739,731,7322,73,208),(3,9,8100,852,887,829,830,8348,73,209),(3,10,10000,942,977,919,928,9287,73,210),(3,11,12100,1032,1069,1009,1018,10249,73,211),(3,12,14400,1152,1159,1099,1111,11310,73,212),(3,13,16900,1242,1249,1189,1212,12298,73,213),(3,14,19600,1332,1339,1279,1307,13271,73,214),(3,15,22500,1423,1429,1369,1397,14214,73,215),(3,16,25600,1528,1562,1459,1487,15253,73,216),(3,17,28900,1618,1652,1583,1577,16212,73,217),(3,18,32400,1708,1742,1684,1667,17337,73,218),(3,19,36100,1798,1845,1774,1782,18276,73,219),(3,20,40000,1903,1935,1864,1872,19238,82,220),(3,21,44100,1993,2025,1974,1962,20270,82,221),(3,22,48400,2085,2115,2064,2052,21259,82,222),(3,23,52900,2204,2205,2162,2144,22339,83,223),(3,24,57600,2294,2326,2252,2234,23302,83,224),(3,25,62500,2384,2416,2342,2324,24290,83,225),(3,26,67600,2488,2506,2432,2414,25239,86,226),(3,27,72900,2578,2596,2522,2504,26314,92,227),(3,28,78400,2668,2686,2629,2599,27214,92,228),(3,29,84100,2758,2776,2719,2708,28323,92,229),(3,30,90000,2848,2866,2809,2808,29231,92,230),(3,31,96100,2938,2959,2899,2898,30320,92,231),(3,32,102400,3028,3087,2989,2988,31294,93,232),(3,33,108900,3152,3177,3079,3101,32282,93,233),(3,34,115600,3242,3267,3197,3192,33288,93,234),(3,35,122500,3332,3357,3288,3308,34203,93,235),(3,36,129600,3422,3447,3386,3400,35275,93,236),(3,37,136900,3512,3537,3476,3490,36214,93,237),(3,38,144400,3602,3627,3566,3580,37328,93,238),(3,39,152100,3692,3727,3656,3685,38300,93,239),(3,40,160000,3782,3817,3768,3775,39282,93,240),(3,41,168100,3872,3907,3858,3865,40340,93,241),(3,42,176400,3962,3997,3948,3955,41240,102,242),(3,43,184900,4052,4128,4051,4045,42205,102,243),(3,44,193600,4142,4219,4141,4135,43322,102,244),(3,45,202500,4252,4309,4240,4252,44300,109,245),(3,46,211600,4342,4399,4330,4342,45241,109,246),(3,47,220900,4468,4493,4420,4434,46343,109,247),(3,48,230400,4558,4583,4510,4524,47342,109,248),(3,49,240100,4662,4698,4600,4627,48282,109,249),(3,50,250000,4752,4788,4722,4722,49310,109,250),(3,51,260100,4844,4878,4812,4812,50283,109,251),(3,52,270400,4934,4968,4902,4917,51239,109,252),(3,53,280900,5024,5079,4992,5007,52239,109,253),(3,54,291600,5114,5169,5109,5097,53325,109,254),(3,55,302500,5207,5259,5199,5193,54225,109,255),(3,56,313600,5297,5349,5290,5283,55270,109,256),(3,57,324900,5387,5439,5380,5373,56208,109,257),(3,58,336400,5483,5545,5470,5463,57292,120,258),(3,59,348100,5573,5648,5578,5553,58297,120,259),(3,60,360000,5663,5738,5684,5667,59293,120,260),(3,61,372100,5776,5829,5774,5770,60318,120,261),(3,62,384400,5867,5926,5864,5860,61264,126,262),(3,63,396900,5957,6016,5954,5954,62322,126,263),(3,64,409600,6070,6115,6054,6044,63346,126,264),(3,65,422500,6163,6222,6144,6135,64283,126,265),(3,66,435600,6283,6312,6237,6225,65201,126,266),(3,67,448900,6373,6402,6327,6315,66217,126,267),(3,68,462400,6463,6492,6417,6434,67325,130,268),(3,69,476100,6554,6582,6524,6537,68283,130,269),(3,70,490000,6656,6672,6614,6627,69217,130,270),(3,71,504100,6746,6762,6704,6717,70216,135,271),(3,72,518400,6836,6852,6796,6807,71248,135,272),(3,73,532900,6926,6942,6886,6897,72235,135,273),(3,74,547600,7021,7037,6989,6987,73296,135,274),(3,75,562500,7133,7127,7089,7077,74265,135,275),(3,76,577600,7223,7217,7179,7180,75327,135,276),(3,77,592900,7313,7307,7269,7291,76337,135,277),(3,78,608400,7403,7397,7359,7381,77268,135,278),(3,79,624100,7514,7491,7449,7475,78223,136,279),(3,80,640000,7604,7610,7575,7565,79237,136,280),(3,81,656100,7694,7702,7665,7678,80263,136,281),(3,82,672400,7784,7813,7766,7774,81242,143,282),(3,83,688900,7904,7903,7865,7864,82205,143,283),(3,84,705600,7994,8002,7955,7962,83261,143,284),(3,85,722500,8084,8092,8045,8052,84298,143,285),(3,86,739600,8174,8182,8135,8142,85315,143,286),(3,87,756900,8280,8272,8225,8232,86303,143,287),(3,88,774400,8370,8369,8315,8322,87248,143,288),(3,89,792100,8460,8459,8420,8412,88296,143,289),(3,90,810000,8550,8549,8510,8502,89239,152,290),(3,91,828100,8640,8663,8600,8592,90329,152,291),(3,92,846400,8730,8753,8690,8712,91294,152,292),(3,93,864900,8820,8843,8793,8802,92260,152,293),(3,94,883600,8927,8941,8885,8894,93293,152,294),(3,95,902500,9017,9031,8975,9000,94317,159,295),(3,96,921600,9107,9127,9065,9096,95223,159,296),(3,97,940900,9197,9236,9177,9186,96220,159,297),(3,98,960400,9322,9326,9267,9292,97224,159,298),(3,99,980100,9412,9416,9357,9382,98227,159,299),(3,100,500000,9502,9506,9447,9480,99336,159,300),(4,1,100,108,69,52,31,451,65,301),(4,2,400,198,159,147,129,1403,65,302),(4,3,900,315,253,237,219,2358,65,303),(4,4,1600,405,343,327,362,3361,65,304),(4,5,2500,495,448,537,452,4261,65,305),(4,6,3600,637,538,627,542,5282,65,306),(4,7,4900,727,628,717,632,6265,65,307),(4,8,6400,817,718,807,728,7322,65,308),(4,9,8100,907,808,897,825,8325,71,309),(4,10,10000,997,924,987,915,9305,71,310),(4,11,12100,1087,1014,1077,1017,10240,71,311),(4,12,14400,1177,1115,1167,1115,11210,71,312),(4,13,16900,1267,1205,1277,1205,12401,71,313),(4,14,19600,1368,1295,1367,1295,13365,71,314),(4,15,22500,1458,1385,1457,1409,14471,71,315),(4,16,25600,1554,1475,1573,1499,15371,71,316),(4,17,28900,1644,1573,1663,1589,16499,71,317),(4,18,32400,1734,1680,1753,1679,17399,76,318),(4,19,36100,1824,1770,1864,1769,18299,76,319),(4,20,40000,1914,1860,1954,1859,19202,83,320),(4,21,44100,2004,1950,2044,1977,20274,83,321),(4,22,48400,2094,2065,2134,2067,21457,83,322),(4,23,52900,2184,2155,2224,2168,22388,83,323),(4,24,57600,2318,2245,2314,2258,23288,86,324),(4,25,62500,2408,2335,2404,2355,24243,86,325),(4,26,67600,2498,2425,2494,2445,25469,86,326),(4,27,72900,2588,2525,2584,2535,26369,86,327),(4,28,78400,2696,2615,2674,2625,27369,86,328),(4,29,84100,2823,2735,2781,2716,28427,86,329),(4,30,90000,2913,2825,2871,2806,29457,86,330),(4,31,96100,3003,2921,2961,2923,30357,86,331),(4,32,102400,3093,3023,3051,3013,31359,86,332),(4,33,108900,3183,3113,3167,3103,32381,86,333),(4,34,115600,3273,3203,3278,3193,33422,86,334),(4,35,122500,3363,3293,3389,3283,34322,86,335),(4,36,129600,3453,3383,3479,3386,35406,89,336),(4,37,136900,3543,3473,3569,3487,36306,89,337),(4,38,144400,3665,3563,3659,3577,37218,89,338),(4,39,152100,3755,3671,3749,3667,38452,89,339),(4,40,160000,3845,3771,3845,3757,39352,94,340),(4,41,168100,3948,3861,3935,3847,40330,94,341),(4,42,176400,4038,3951,4029,3951,41363,94,342),(4,43,184900,4128,4041,4119,4045,42422,96,343),(4,44,193600,4218,4131,4209,4135,43322,104,344),(4,45,202500,4308,4221,4299,4225,44280,104,345),(4,46,211600,4398,4338,4389,4315,45237,104,346),(4,47,220900,4488,4428,4515,4444,46248,104,347),(4,48,230400,4578,4518,4605,4534,47448,104,348),(4,49,240100,4668,4608,4695,4624,48378,106,349),(4,50,250000,4774,4698,4785,4714,49335,106,350),(4,51,260100,4864,4818,4875,4804,50439,107,351),(4,52,270400,4970,4908,4985,4894,51339,112,352),(4,53,280900,5062,4998,5075,4984,52239,112,353),(4,54,291600,5163,5088,5165,5079,53264,116,354),(4,55,302500,5253,5205,5255,5169,54208,116,355),(4,56,313600,5360,5295,5345,5283,55390,121,356),(4,57,324900,5450,5385,5435,5393,56290,121,357),(4,58,336400,5575,5475,5548,5483,57279,121,358),(4,59,348100,5665,5583,5664,5573,58474,121,359),(4,60,360000,5763,5673,5754,5663,59416,124,360),(4,61,372100,5853,5763,5844,5753,60456,124,361),(4,62,384400,5943,5853,5934,5855,61356,124,362),(4,63,396900,6033,5943,6024,5958,62405,124,363),(4,64,409600,6123,6046,6114,6048,63498,124,364),(4,65,422500,6213,6136,6204,6156,64398,126,365),(4,66,435600,6303,6226,6294,6246,65362,126,366),(4,67,448900,6393,6316,6384,6336,66298,126,367),(4,68,462400,6527,6406,6494,6426,67458,129,368),(4,69,476100,6617,6537,6584,6516,68358,129,369),(4,70,490000,6707,6627,6676,6606,69343,130,370),(4,71,504100,6804,6717,6766,6696,70243,131,371),(4,72,518400,6894,6807,6856,6790,71221,131,372),(4,73,532900,6984,6897,6946,6895,72387,131,373),(4,74,547600,7081,7011,7041,6985,73287,131,374),(4,75,562500,7171,7101,7131,7077,74381,131,375),(4,76,577600,7261,7194,7270,7167,75281,131,376),(4,77,592900,7384,7284,7371,7257,76485,131,377),(4,78,608400,7474,7375,7461,7393,77465,131,378),(4,79,624100,7564,7471,7551,7483,78365,131,379),(4,80,640000,7654,7561,7654,7573,79401,131,380),(4,81,656100,7744,7651,7744,7663,80301,145,381),(4,82,672400,7834,7757,7836,7756,81361,145,382),(4,83,688900,7924,7847,7926,7846,82471,145,383),(4,84,705600,8014,7937,8016,7936,83371,145,384),(4,85,722500,8104,8030,8106,8035,84271,145,385),(4,86,739600,8194,8151,8205,8125,85396,146,386),(4,87,756900,8293,8241,8295,8246,86442,146,387),(4,88,774400,8390,8331,8385,8336,87342,146,388),(4,89,792100,8480,8421,8475,8426,88304,146,389),(4,90,810000,8570,8511,8565,8522,89438,146,390),(4,91,828100,8660,8603,8655,8612,90466,146,391),(4,92,846400,8750,8699,8798,8702,91366,146,392),(4,93,864900,8840,8815,8888,8792,92367,151,393),(4,94,883600,8930,8905,8978,8892,93267,151,394),(4,95,902500,9020,8995,9068,8982,94263,151,395),(4,96,921600,9158,9103,9158,9090,95410,151,396),(4,97,940900,9248,9193,9248,9194,96310,151,397),(4,98,960400,9338,9290,9338,9284,97473,151,398),(4,99,980100,9428,9380,9428,9374,98373,151,399),(4,100,500000,9518,9470,9518,9472,99283,151,400),(5,1,100,54,79,38,51,293,65,401),(5,2,400,149,169,128,172,1269,65,402),(5,3,900,239,259,241,262,2321,65,403),(5,4,1600,329,349,343,352,3361,65,404),(5,5,2500,419,439,433,442,4261,65,405),(5,6,3600,522,529,523,554,5319,65,406),(5,7,4900,632,632,613,644,6359,65,407),(5,8,6400,722,736,715,734,7259,65,408),(5,9,8100,834,826,839,828,8353,65,409),(5,10,10000,924,916,929,918,9332,65,410),(5,11,12100,1016,1006,1019,1013,10283,65,411),(5,12,14400,1119,1096,1109,1103,11202,65,412),(5,13,16900,1209,1197,1199,1193,12331,65,413),(5,14,19600,1317,1307,1289,1292,13280,65,414),(5,15,22500,1407,1397,1397,1382,14286,76,415),(5,16,25600,1497,1487,1493,1472,15260,76,416),(5,17,28900,1587,1577,1583,1562,16271,76,417),(5,18,32400,1677,1667,1687,1652,17314,83,418),(5,19,36100,1767,1757,1777,1783,18294,83,419),(5,20,40000,1857,1847,1879,1873,19390,83,420),(5,21,44100,1947,1978,1969,1963,20290,83,421),(5,22,48400,2069,2068,2059,2054,21239,83,422),(5,23,52900,2159,2158,2149,2144,22373,83,423),(5,24,57600,2269,2248,2239,2234,23279,83,424),(5,25,62500,2363,2338,2329,2324,24312,83,425),(5,26,67600,2453,2428,2430,2414,25377,83,426),(5,27,72900,2543,2546,2520,2515,26389,83,427),(5,28,78400,2633,2636,2615,2618,27343,83,428),(5,29,84100,2725,2726,2705,2710,28346,83,429),(5,30,90000,2815,2816,2834,2800,29249,83,430),(5,31,96100,2914,2906,2924,2909,30287,83,431),(5,32,102400,3004,2996,3014,2999,31205,83,432),(5,33,108900,3110,3097,3104,3112,32292,83,433),(5,34,115600,3220,3187,3194,3202,33292,91,434),(5,35,122500,3310,3277,3284,3292,34256,91,435),(5,36,129600,3400,3384,3374,3382,35326,91,436),(5,37,136900,3490,3474,3493,3472,36381,92,437),(5,38,144400,3580,3564,3583,3581,37359,93,438),(5,39,152100,3677,3654,3673,3671,38323,93,439),(5,40,160000,3767,3744,3765,3761,39248,93,440),(5,41,168100,3857,3834,3874,3852,40220,93,441),(5,42,176400,3947,3957,3964,3942,41356,93,442),(5,43,184900,4057,4047,4054,4032,42269,93,443),(5,44,193600,4147,4137,4144,4158,43343,93,444),(5,45,202500,4248,4227,4243,4248,44312,93,445),(5,46,211600,4338,4343,4333,4338,45230,102,446),(5,47,220900,4428,4447,4423,4428,46313,102,447),(5,48,230400,4518,4537,4518,4531,47215,102,448),(5,49,240100,4615,4627,4608,4632,48270,102,449),(5,50,250000,4705,4717,4712,4731,49394,102,450),(5,51,260100,4795,4811,4802,4821,50294,116,451),(5,52,270400,4905,4901,4892,4911,51342,116,452),(5,53,280900,5008,4998,4982,5001,52252,116,453),(5,54,291600,5099,5103,5104,5091,53251,116,454),(5,55,302500,5189,5193,5194,5181,54237,116,455),(5,56,313600,5300,5283,5284,5271,55289,116,456),(5,57,324900,5390,5373,5374,5361,56312,116,457),(5,58,336400,5480,5463,5464,5451,57387,116,458),(5,59,348100,5592,5557,5554,5560,58287,119,459),(5,60,360000,5682,5674,5644,5674,59204,119,460),(5,61,372100,5772,5764,5734,5764,60331,119,461),(5,62,384400,5862,5860,5872,5865,61298,119,462),(5,63,396900,5965,5950,5962,5955,62228,119,463),(5,64,409600,6055,6040,6053,6045,63341,119,464),(5,65,422500,6169,6136,6143,6145,64295,124,465),(5,66,435600,6259,6226,6233,6252,65366,124,466),(5,67,448900,6349,6339,6323,6342,66350,124,467),(5,68,462400,6439,6429,6413,6432,67250,124,468),(5,69,476100,6529,6519,6503,6539,68247,124,469),(5,70,490000,6619,6609,6596,6629,69238,124,470),(5,71,504100,6717,6699,6718,6719,70304,124,471),(5,72,518400,6807,6799,6808,6812,71234,129,472),(5,73,532900,6925,6889,6898,6915,72329,129,473),(5,74,547600,7015,6979,7011,7005,73291,129,474),(5,75,562500,7105,7106,7101,7095,74226,129,475),(5,76,577600,7195,7196,7191,7185,75234,129,476),(5,77,592900,7296,7286,7281,7275,76205,129,477),(5,78,608400,7386,7376,7371,7365,77277,129,478),(5,79,624100,7476,7466,7461,7455,78206,129,479),(5,80,640000,7591,7556,7557,7545,79368,129,480),(5,81,656100,7688,7646,7668,7645,80268,130,481),(5,82,672400,7778,7773,7758,7735,81369,143,482),(5,83,688900,7868,7863,7866,7825,82269,143,483),(5,84,705600,7958,7953,7956,7956,83287,143,484),(5,85,722500,8048,8043,8046,8046,84259,143,485),(5,86,739600,8144,8133,8136,8136,85210,143,486),(5,87,756900,8234,8223,8226,8226,86268,143,487),(5,88,774400,8324,8313,8316,8335,87237,143,488),(5,89,792100,8423,8403,8406,8425,88236,143,489),(5,90,810000,8513,8515,8500,8515,89273,143,490),(5,91,828100,8638,8605,8590,8625,90279,143,491),(5,92,846400,8728,8711,8699,8715,91356,143,492),(5,93,864900,8818,8819,8789,8805,92258,143,493),(5,94,883600,8908,8909,8913,8904,93316,143,494),(5,95,902500,8998,8999,9004,8994,94394,143,495),(5,96,921600,9088,9089,9094,9084,95294,143,496),(5,97,940900,9178,9199,9184,9175,96372,157,497),(5,98,960400,9282,9289,9274,9265,97272,157,498),(5,99,980100,9372,9379,9383,9355,98362,157,499),(5,100,500000,9462,9469,9473,9445,99262,157,500),(6,1,100,37,26,40,98,289,65,501),(6,2,400,150,139,130,188,1296,65,502),(6,3,900,246,242,227,294,2253,65,503),(6,4,1600,336,347,377,384,3200,65,504),(6,5,2500,426,437,467,474,4268,65,505),(6,6,3600,516,529,557,564,5252,65,506),(6,7,4900,606,637,647,695,6277,65,507),(6,8,6400,733,727,738,785,7207,65,508),(6,9,8100,823,824,845,875,8215,71,509),(6,10,10000,913,914,951,965,9279,71,510),(6,11,12100,1003,1004,1057,1055,10232,71,511),(6,12,14400,1123,1116,1147,1145,11219,71,512),(6,13,16900,1213,1206,1237,1235,12298,71,513),(6,14,19600,1303,1296,1327,1351,13227,71,514),(6,15,22500,1393,1390,1446,1441,14259,71,515),(6,16,25600,1483,1480,1544,1531,15209,71,516),(6,17,28900,1573,1570,1634,1621,16278,72,517),(6,18,32400,1675,1662,1724,1711,17264,72,518),(6,19,36100,1765,1762,1814,1838,18218,72,519),(6,20,40000,1884,1858,1904,1939,19282,72,520),(6,21,44100,1974,1948,2000,2029,20224,72,521),(6,22,48400,2064,2041,2090,2119,21213,72,522),(6,23,52900,2157,2133,2180,2212,22209,72,523),(6,24,57600,2247,2227,2270,2302,23207,80,524),(6,25,62500,2349,2317,2372,2397,24275,80,525),(6,26,67600,2439,2429,2476,2498,25293,80,526),(6,27,72900,2529,2519,2574,2588,26224,80,527),(6,28,78400,2619,2609,2664,2678,27260,80,528),(6,29,84100,2709,2699,2754,2768,28251,91,529),(6,30,90000,2829,2823,2844,2858,29226,91,530),(6,31,96100,2919,2913,2934,2948,30299,91,531),(6,32,102400,3009,3020,3024,3054,31213,92,532),(6,33,108900,3099,3113,3119,3174,32287,92,533),(6,34,115600,3189,3203,3209,3264,33282,92,534),(6,35,122500,3279,3293,3299,3354,34274,92,535),(6,36,129600,3369,3384,3389,3444,35257,92,536),(6,37,136900,3471,3474,3479,3534,36268,92,537),(6,38,144400,3561,3564,3629,3624,37253,92,538),(6,39,152100,3651,3679,3719,3714,38218,92,539),(6,40,160000,3741,3769,3809,3804,39241,92,540),(6,41,168100,3834,3859,3911,3894,40247,92,541),(6,42,176400,3958,3949,4001,3998,41271,92,542),(6,43,184900,4048,4056,4091,4088,42251,92,543),(6,44,193600,4158,4152,4210,4201,43218,92,544),(6,45,202500,4248,4242,4301,4291,44226,92,545),(6,46,211600,4338,4332,4391,4381,45282,92,546),(6,47,220900,4428,4422,4481,4471,46232,95,547),(6,48,230400,4518,4512,4571,4561,47208,95,548),(6,49,240100,4636,4603,4661,4651,48256,95,549),(6,50,250000,4729,4728,4763,4741,49211,98,550),(6,51,260100,4822,4818,4853,4845,50220,98,551),(6,52,270400,4912,4908,4943,4949,51266,100,552),(6,53,280900,5017,4998,5033,5039,52268,100,553),(6,54,291600,5107,5106,5123,5129,53236,100,554),(6,55,302500,5197,5196,5213,5219,54218,104,555),(6,56,313600,5298,5293,5343,5345,55297,104,556),(6,57,324900,5388,5396,5433,5435,56271,104,557),(6,58,336400,5478,5486,5523,5525,57282,107,558),(6,59,348100,5568,5576,5613,5629,58229,107,559),(6,60,360000,5658,5674,5703,5725,59274,107,560),(6,61,372100,5771,5766,5824,5815,60267,107,561),(6,62,384400,5861,5857,5914,5923,61207,114,562),(6,63,396900,5951,5947,6004,6013,62214,114,563),(6,64,409600,6041,6045,6094,6103,63295,114,564),(6,65,422500,6141,6141,6214,6193,64219,114,565),(6,66,435600,6231,6231,6304,6303,65284,114,566),(6,67,448900,6324,6345,6394,6393,66296,132,567),(6,68,462400,6414,6435,6484,6483,67284,132,568),(6,69,476100,6532,6528,6574,6573,68293,134,569),(6,70,490000,6622,6618,6664,6663,69251,134,570),(6,71,504100,6726,6708,6754,6753,70261,134,571),(6,72,518400,6816,6812,6844,6844,71201,134,572),(6,73,532900,6906,6914,6934,6958,72228,134,573),(6,74,547600,6996,7004,7024,7048,73245,135,574),(6,75,562500,7086,7094,7114,7138,74258,135,575),(6,76,577600,7191,7201,7252,7228,75259,135,576),(6,77,592900,7281,7295,7342,7318,76282,135,577),(6,78,608400,7371,7385,7432,7408,77220,135,578),(6,79,624100,7462,7475,7522,7515,78254,135,579),(6,80,640000,7552,7582,7612,7605,79202,135,580),(6,81,656100,7660,7672,7702,7695,80214,135,581),(6,82,672400,7758,7762,7808,7823,81279,135,582),(6,83,688900,7863,7858,7898,7916,82295,135,583),(6,84,705600,7953,7962,7988,8006,83274,135,584),(6,85,722500,8043,8052,8078,8096,84217,135,585),(6,86,739600,8133,8142,8186,8186,85294,135,586),(6,87,756900,8227,8232,8276,8276,86267,141,587),(6,88,774400,8337,8322,8366,8366,87202,141,588),(6,89,792100,8427,8436,8458,8470,88291,141,589),(6,90,810000,8534,8526,8548,8560,89283,141,590),(6,91,828100,8624,8616,8665,8663,90218,141,591),(6,92,846400,8714,8706,8755,8753,91205,141,592),(6,93,864900,8804,8809,8845,8843,92230,141,593),(6,94,883600,8894,8899,8935,8933,93274,141,594),(6,95,902500,8984,8989,9026,9023,94290,141,595),(6,96,921600,9081,9079,9116,9113,95270,141,596),(6,97,940900,9171,9183,9206,9203,96239,141,597),(6,98,960400,9261,9275,9311,9293,97265,141,598),(6,99,980100,9378,9365,9401,9386,98298,147,599),(6,100,500000,9468,9466,9491,9506,99257,149,600),(7,1,100,18,53,33,97,219,65,601),(7,2,400,139,143,123,187,1291,65,602),(7,3,900,236,233,314,277,2269,65,603),(7,4,1600,338,349,404,367,3233,65,604),(7,5,2500,437,467,494,457,4217,65,605),(7,6,3600,566,557,584,547,5298,65,606),(7,7,4900,656,647,674,637,6218,65,607),(7,8,6400,746,737,764,727,7293,65,608),(7,9,8100,836,841,854,817,8214,65,609),(7,10,10000,937,962,944,907,9268,65,610),(7,11,12100,1027,1059,1034,1016,10216,65,611),(7,12,14400,1117,1149,1127,1106,11210,65,612),(7,13,16900,1213,1239,1217,1208,12284,65,613),(7,14,19600,1306,1329,1307,1298,13269,65,614),(7,15,22500,1402,1419,1397,1388,14213,74,615),(7,16,25600,1492,1511,1527,1478,15284,74,616),(7,17,28900,1583,1601,1617,1608,16251,74,617),(7,18,32400,1673,1691,1707,1732,17275,74,618),(7,19,36100,1763,1781,1797,1832,18261,74,619),(7,20,40000,1899,1879,1888,1922,19208,74,620),(7,21,44100,1989,1988,2009,2012,20204,74,621),(7,22,48400,2082,2078,2124,2102,21243,74,622),(7,23,52900,2172,2168,2214,2192,22215,74,623),(7,24,57600,2262,2258,2304,2303,23256,75,624),(7,25,62500,2373,2373,2408,2411,24269,78,625),(7,26,67600,2471,2463,2498,2501,25277,78,626),(7,27,72900,2568,2553,2588,2591,26215,78,627),(7,28,78400,2658,2643,2678,2681,27270,84,628),(7,29,84100,2748,2733,2768,2771,28257,84,629),(7,30,90000,2850,2823,2858,2861,29278,84,630),(7,31,96100,2940,2913,2948,2951,30202,84,631),(7,32,102400,3030,3007,3065,3041,31250,84,632),(7,33,108900,3133,3121,3155,3131,32231,85,633),(7,34,115600,3223,3216,3245,3221,33288,85,634),(7,35,122500,3313,3306,3335,3311,34290,85,635),(7,36,129600,3403,3396,3425,3412,35266,85,636),(7,37,136900,3493,3516,3515,3502,36216,85,637),(7,38,144400,3583,3611,3607,3592,37246,86,638),(7,39,152100,3673,3701,3697,3691,38250,86,639),(7,40,160000,3789,3791,3807,3781,39233,86,640),(7,41,168100,3879,3881,3897,3883,40205,86,641),(7,42,176400,3969,3972,3987,3973,41236,86,642),(7,43,184900,4059,4062,4077,4063,42297,86,643),(7,44,193600,4174,4152,4167,4153,43261,86,644),(7,45,202500,4264,4242,4257,4311,44251,86,645),(7,46,211600,4354,4332,4347,4401,45201,86,646),(7,47,220900,4447,4473,4437,4491,46202,86,647),(7,48,230400,4560,4563,4527,4581,47209,86,648),(7,49,240100,4650,4653,4632,4688,48220,86,649),(7,50,250000,4740,4743,4722,4778,49273,89,650),(7,51,260100,4830,4833,4873,4868,50231,89,651),(7,52,270400,4920,4954,4963,4958,51244,101,652),(7,53,280900,5010,5044,5053,5048,52289,101,653),(7,54,291600,5106,5134,5143,5138,53243,101,654),(7,55,302500,5196,5224,5260,5228,54217,101,655),(7,56,313600,5298,5322,5350,5318,55229,101,656),(7,57,324900,5394,5429,5440,5408,56282,120,657),(7,58,336400,5484,5519,5530,5533,57245,120,658),(7,59,348100,5574,5609,5644,5623,58265,120,659),(7,60,360000,5664,5699,5734,5713,59261,120,660),(7,61,372100,5759,5789,5834,5803,60281,120,661),(7,62,384400,5879,5879,5924,5893,61296,120,662),(7,63,396900,5971,5969,6014,5983,62237,120,663),(7,64,409600,6073,6077,6104,6105,63226,120,664),(7,65,422500,6163,6167,6200,6195,64216,120,665),(7,66,435600,6253,6258,6295,6285,65231,120,666),(7,67,448900,6347,6370,6385,6375,66225,120,667),(7,68,462400,6437,6461,6475,6465,67221,120,668),(7,69,476100,6527,6551,6565,6555,68278,120,669),(7,70,490000,6617,6641,6655,6645,69204,120,670),(7,71,504100,6709,6731,6745,6735,70238,120,671),(7,72,518400,6840,6821,6835,6837,71233,120,672),(7,73,532900,6931,6911,6925,6927,72265,120,673),(7,74,547600,7021,7001,7016,7040,73265,137,674),(7,75,562500,7111,7091,7106,7133,74227,137,675),(7,76,577600,7201,7181,7196,7223,75292,137,676),(7,77,592900,7291,7321,7298,7340,76209,137,677),(7,78,608400,7381,7411,7388,7430,77232,138,678),(7,79,624100,7471,7501,7532,7520,78225,138,679),(7,80,640000,7561,7591,7637,7610,79209,138,680),(7,81,656100,7651,7681,7727,7700,80205,138,681),(7,82,672400,7741,7787,7817,7818,81218,144,682),(7,83,688900,7850,7877,7907,7908,82242,144,683),(7,84,705600,7954,7974,7997,7998,83219,144,684),(7,85,722500,8044,8064,8087,8088,84274,144,685),(7,86,739600,8134,8154,8185,8178,85225,144,686),(7,87,756900,8261,8244,8291,8268,86212,144,687),(7,88,774400,8351,8334,8381,8358,87220,144,688),(7,89,792100,8441,8424,8471,8467,88253,144,689),(7,90,810000,8531,8514,8561,8557,89224,144,690),(7,91,828100,8625,8621,8651,8665,90262,144,691),(7,92,846400,8715,8711,8741,8755,91233,144,692),(7,93,864900,8805,8840,8843,8845,92292,144,693),(7,94,883600,8895,8930,8933,8935,93252,155,694),(7,95,902500,8985,9020,9023,9049,94212,155,695),(7,96,921600,9096,9110,9113,9139,95265,159,696),(7,97,940900,9195,9200,9225,9235,96245,159,697),(7,98,960400,9291,9290,9315,9325,97298,159,698),(7,99,980100,9381,9380,9415,9415,98283,163,699),(7,100,500000,9471,9470,9517,9535,99228,163,700),(8,1,100,52,30,30,79,361,65,701),(8,2,400,206,218,145,169,1361,65,702),(8,3,900,296,308,264,259,2261,65,703),(8,4,1600,386,409,377,352,3295,65,704),(8,5,2500,476,532,480,442,4275,65,705),(8,6,3600,566,622,587,532,5359,65,706),(8,7,4900,656,712,677,622,6292,65,707),(8,8,6400,762,806,767,712,7411,65,708),(8,9,8100,852,896,857,802,8311,65,709),(8,10,10000,942,986,947,907,9404,65,710),(8,11,12100,1032,1137,1037,1004,10391,65,711),(8,12,14400,1122,1227,1142,1094,11366,65,712),(8,13,16900,1212,1317,1232,1195,12276,65,713),(8,14,19600,1302,1422,1322,1300,13407,65,714),(8,15,22500,1444,1512,1416,1390,14325,65,715),(8,16,25600,1534,1602,1512,1489,15388,65,716),(8,17,28900,1624,1692,1619,1579,16353,65,717),(8,18,32400,1714,1782,1717,1669,17315,65,718),(8,19,36100,1804,1872,1807,1759,18242,75,719),(8,20,40000,1894,1962,1897,1849,19420,84,720),(8,21,44100,2000,2052,1987,1961,20320,84,721),(8,22,48400,2099,2155,2077,2051,21370,84,722),(8,23,52900,2204,2245,2167,2165,22337,86,723),(8,24,57600,2298,2359,2257,2255,23438,86,724),(8,25,62500,2388,2449,2347,2345,24349,87,725),(8,26,67600,2478,2539,2437,2435,25254,87,726),(8,27,72900,2568,2629,2527,2525,26230,87,727),(8,28,78400,2658,2719,2624,2615,27339,87,728),(8,29,84100,2748,2809,2714,2721,28239,87,729),(8,30,90000,2838,2899,2804,2811,29290,87,730),(8,31,96100,2928,3002,2902,2901,30376,87,731),(8,32,102400,3018,3092,2992,2991,31433,87,732),(8,33,108900,3116,3182,3131,3118,32445,92,733),(8,34,115600,3236,3272,3239,3208,33345,92,734),(8,35,122500,3326,3362,3342,3301,34430,92,735),(8,36,129600,3416,3497,3432,3391,35445,100,736),(8,37,136900,3506,3587,3522,3491,36345,100,737),(8,38,144400,3596,3677,3612,3581,37447,100,738),(8,39,152100,3686,3767,3707,3673,38417,100,739),(8,40,160000,3776,3857,3797,3763,39415,100,740),(8,41,168100,3877,3976,3887,3873,40315,105,741),(8,42,176400,4008,4066,3977,3963,41215,105,742),(8,43,184900,4098,4156,4086,4062,42407,105,743),(8,44,193600,4188,4246,4176,4152,43307,105,744),(8,45,202500,4278,4345,4266,4257,44313,105,745),(8,46,211600,4368,4435,4387,4347,45385,105,746),(8,47,220900,4480,4525,4477,4437,46300,105,747),(8,48,230400,4570,4623,4573,4527,47392,105,748),(8,49,240100,4660,4735,4663,4619,48292,105,749),(8,50,250000,4750,4825,4753,4721,49210,105,750),(8,51,260100,4840,4915,4845,4811,50429,105,751),(8,52,270400,4943,5005,4935,4918,51329,116,752),(8,53,280900,5033,5105,5025,5008,52330,116,753),(8,54,291600,5123,5195,5115,5098,53435,116,754),(8,55,302500,5218,5285,5235,5188,54335,116,755),(8,56,313600,5308,5375,5325,5278,55399,116,756),(8,57,324900,5398,5490,5415,5370,56304,116,757),(8,58,336400,5524,5580,5505,5492,57391,116,758),(8,59,348100,5614,5670,5595,5582,58447,116,759),(8,60,360000,5704,5760,5693,5672,59347,116,760),(8,61,372100,5794,5850,5783,5762,60445,116,761),(8,62,384400,5884,5978,5873,5852,61448,116,762),(8,63,396900,5991,6068,5963,5942,62348,119,763),(8,64,409600,6081,6161,6092,6032,63248,119,764),(8,65,422500,6184,6251,6182,6139,64316,119,765),(8,66,435600,6274,6341,6272,6229,65338,131,766),(8,67,448900,6364,6431,6362,6319,66392,131,767),(8,68,462400,6474,6521,6462,6409,67292,131,768),(8,69,476100,6564,6611,6552,6499,68223,133,769),(8,70,490000,6654,6701,6642,6630,69216,133,770),(8,71,504100,6749,6791,6732,6720,70425,133,771),(8,72,518400,6839,6883,6822,6810,71325,133,772),(8,73,532900,6929,6973,6945,6900,72346,133,773),(8,74,547600,7019,7063,7035,6990,73349,133,774),(8,75,562500,7109,7204,7125,7080,74291,133,775),(8,76,577600,7237,7294,7237,7194,75209,133,776),(8,77,592900,7333,7384,7327,7284,76320,135,777),(8,78,608400,7423,7474,7417,7388,77359,135,778),(8,79,624100,7513,7565,7523,7478,78263,135,779),(8,80,640000,7603,7655,7613,7583,79324,135,780),(8,81,656100,7693,7757,7713,7673,80445,142,781),(8,82,672400,7783,7847,7803,7763,81345,142,782),(8,83,688900,7899,7937,7893,7858,82288,142,783),(8,84,705600,7989,8027,7983,7948,83357,142,784),(8,85,722500,8079,8117,8073,8038,84314,142,785),(8,86,739600,8169,8207,8163,8138,85302,142,786),(8,87,756900,8259,8339,8253,8228,86411,146,787),(8,88,774400,8349,8436,8358,8318,87374,146,788),(8,89,792100,8439,8526,8457,8417,88356,146,789),(8,90,810000,8529,8616,8547,8517,89256,146,790),(8,91,828100,8663,8706,8643,8607,90299,146,791),(8,92,846400,8753,8796,8737,8697,91381,146,792),(8,93,864900,8843,8913,8827,8787,92423,146,793),(8,94,883600,8942,9003,8917,8887,93323,146,794),(8,95,902500,9032,9093,9007,8977,94414,152,795),(8,96,921600,9122,9183,9139,9067,95314,152,796),(8,97,940900,9229,9273,9229,9157,96297,152,797),(8,98,960400,9319,9363,9319,9275,97260,152,798),(8,99,980100,9424,9470,9409,9370,98376,152,799),(8,100,500000,9514,9581,9513,9481,99344,162,800),(9,1,100,52,30,30,79,361,65,801),(9,2,400,206,218,145,169,1361,65,802),(9,3,900,296,308,264,259,2261,65,803),(9,4,1600,386,409,377,352,3295,65,804),(9,5,2500,476,532,480,442,4275,65,805),(9,6,3600,566,622,587,532,5359,65,806),(9,7,4900,656,712,677,622,6292,65,807),(9,8,6400,762,806,767,712,7411,65,808),(9,9,8100,852,896,857,802,8311,65,809),(9,10,10000,942,986,947,907,9404,65,810),(9,11,12100,1032,1137,1037,1004,10391,65,811),(9,12,14400,1122,1227,1142,1094,11366,65,812),(9,13,16900,1212,1317,1232,1195,12276,65,813),(9,14,19600,1302,1422,1322,1300,13407,65,814),(9,15,22500,1444,1512,1416,1390,14325,65,815),(9,16,25600,1534,1602,1512,1489,15388,65,816),(9,17,28900,1624,1692,1619,1579,16353,65,817),(9,18,32400,1714,1782,1717,1669,17315,65,818),(9,19,36100,1804,1872,1807,1759,18242,75,819),(9,20,40000,1894,1962,1897,1849,19420,84,820),(9,21,44100,2000,2052,1987,1961,20320,84,821),(9,22,48400,2099,2155,2077,2051,21370,84,822),(9,23,52900,2204,2245,2167,2165,22337,86,823),(9,24,57600,2298,2359,2257,2255,23438,86,824),(9,25,62500,2388,2449,2347,2345,24349,87,825),(9,26,67600,2478,2539,2437,2435,25254,87,826),(9,27,72900,2568,2629,2527,2525,26230,87,827),(9,28,78400,2658,2719,2624,2615,27339,87,828),(9,29,84100,2748,2809,2714,2721,28239,87,829),(9,30,90000,2838,2899,2804,2811,29290,87,830),(9,31,96100,2928,3002,2902,2901,30376,87,831),(9,32,102400,3018,3092,2992,2991,31433,87,832),(9,33,108900,3116,3182,3131,3118,32445,92,833),(9,34,115600,3236,3272,3239,3208,33345,92,834),(9,35,122500,3326,3362,3342,3301,34430,92,835),(9,36,129600,3416,3497,3432,3391,35445,100,836),(9,37,136900,3506,3587,3522,3491,36345,100,837),(9,38,144400,3596,3677,3612,3581,37447,100,838),(9,39,152100,3686,3767,3707,3673,38417,100,839),(9,40,160000,3776,3857,3797,3763,39415,100,840),(9,41,168100,3877,3976,3887,3873,40315,105,841),(9,42,176400,4008,4066,3977,3963,41215,105,842),(9,43,184900,4098,4156,4086,4062,42407,105,843),(9,44,193600,4188,4246,4176,4152,43307,105,844),(9,45,202500,4278,4345,4266,4257,44313,105,845),(9,46,211600,4368,4435,4387,4347,45385,105,846),(9,47,220900,4480,4525,4477,4437,46300,105,847),(9,48,230400,4570,4623,4573,4527,47392,105,848),(9,49,240100,4660,4735,4663,4619,48292,105,849),(9,50,250000,4750,4825,4753,4721,49210,105,850),(9,51,260100,4840,4915,4845,4811,50429,105,851),(9,52,270400,4943,5005,4935,4918,51329,116,852),(9,53,280900,5033,5105,5025,5008,52330,116,853),(9,54,291600,5123,5195,5115,5098,53435,116,854),(9,55,302500,5218,5285,5235,5188,54335,116,855),(9,56,313600,5308,5375,5325,5278,55399,116,856),(9,57,324900,5398,5490,5415,5370,56304,116,857),(9,58,336400,5524,5580,5505,5492,57391,116,858),(9,59,348100,5614,5670,5595,5582,58447,116,859),(9,60,360000,5704,5760,5693,5672,59347,116,860),(9,61,372100,5794,5850,5783,5762,60445,116,861),(9,62,384400,5884,5978,5873,5852,61448,116,862),(9,63,396900,5991,6068,5963,5942,62348,119,863),(9,64,409600,6081,6161,6092,6032,63248,119,864),(9,65,422500,6184,6251,6182,6139,64316,119,865),(9,66,435600,6274,6341,6272,6229,65338,131,866),(9,67,448900,6364,6431,6362,6319,66392,131,867),(9,68,462400,6474,6521,6462,6409,67292,131,868),(9,69,476100,6564,6611,6552,6499,68223,133,869),(9,70,490000,6654,6701,6642,6630,69216,133,870),(9,71,504100,6749,6791,6732,6720,70425,133,871),(9,72,518400,6839,6883,6822,6810,71325,133,872),(9,73,532900,6929,6973,6945,6900,72346,133,873),(9,74,547600,7019,7063,7035,6990,73349,133,874),(9,75,562500,7109,7204,7125,7080,74291,133,875),(9,76,577600,7237,7294,7237,7194,75209,133,876),(9,77,592900,7333,7384,7327,7284,76320,135,877),(9,78,608400,7423,7474,7417,7388,77359,135,878),(9,79,624100,7513,7565,7523,7478,78263,135,879),(9,80,640000,7603,7655,7613,7583,79324,135,880),(9,81,656100,7693,7757,7713,7673,80445,142,881),(9,82,672400,7783,7847,7803,7763,81345,142,882),(9,83,688900,7899,7937,7893,7858,82288,142,883),(9,84,705600,7989,8027,7983,7948,83357,142,884),(9,85,722500,8079,8117,8073,8038,84314,142,885),(9,86,739600,8169,8207,8163,8138,85302,142,886),(9,87,756900,8259,8339,8253,8228,86411,146,887),(9,88,774400,8349,8436,8358,8318,87374,146,888),(9,89,792100,8439,8526,8457,8417,88356,146,889),(9,90,810000,8529,8616,8547,8517,89256,146,890),(9,91,828100,8663,8706,8643,8607,90299,146,891),(9,92,846400,8753,8796,8737,8697,91381,146,892),(9,93,864900,8843,8913,8827,8787,92423,146,893),(9,94,883600,8942,9003,8917,8887,93323,146,894),(9,95,902500,9032,9093,9007,8977,94414,152,895),(9,96,921600,9122,9183,9139,9067,95314,152,896),(9,97,940900,9229,9273,9229,9157,96297,152,897),(9,98,960400,9319,9363,9319,9275,97260,152,898),(9,99,980100,9424,9470,9409,9370,98376,152,899),(9,100,500000,9514,9581,9513,9481,99344,162,900);
/*!40000 ALTER TABLE `fighterlevels` ENABLE KEYS */;
UNLOCK TABLES;



--
-- Table structure for table `missionlevels`
--

DROP TABLE IF EXISTS `missionlevels`;
/*!40101 SET @saved_cs_client     = @@character_set_client */;
/*!50503 SET character_set_client = utf8mb4 */;
CREATE TABLE `missionlevels` (
  `missionlevels_id` int NOT NULL AUTO_INCREMENT,
  `order` int DEFAULT NULL,
  `mission_id` int DEFAULT NULL,
  `fighter_id` int DEFAULT NULL,
  `level` int DEFAULT NULL,
  PRIMARY KEY (`missionlevels_id`),
  KEY `mision_id_idx` (`mission_id`),
  KEY `fighter_id_idx` (`fighter_id`),
  CONSTRAINT `fighter_id_levels` FOREIGN KEY (`fighter_id`) REFERENCES `fighters` (`fighter_id`),
  CONSTRAINT `mission_id_levels` FOREIGN KEY (`mission_id`) REFERENCES `missions` (`mission_id`)
) ENGINE=InnoDB AUTO_INCREMENT=56 DEFAULT CHARSET=utf8;
/*!40101 SET character_set_client = @saved_cs_client */;


LOCK TABLES `missions` WRITE;
/*!40000 ALTER TABLE `missions` DISABLE KEYS */;
INSERT INTO `missions` VALUES (1,'1'),(2,'2'),(3,'3'),(4,'4'),(5,'5'),(6,'6'),(7,'7'),(8,'8'),(9,'9'),(10,'10');
/*!40000 ALTER TABLE `missions` ENABLE KEYS */;
UNLOCK TABLES;

--
-- Dumping data for table `missionlevels`
--

LOCK TABLES `missionlevels` WRITE;
/*!40000 ALTER TABLE `missionlevels` DISABLE KEYS */;
INSERT INTO `missionlevels` VALUES (4,1,1,1,1),(5,2,1,2,2),(6,3,1,3,3),(7,1,2,4,4),(8,2,2,5,5),(9,3,2,6,6),(10,1,3,1,7),(11,2,3,2,8),(12,3,3,3,9),(13,4,3,4,10),(14,1,4,7,12),(15,2,4,5,14),(16,3,4,4,16),(17,4,4,3,18),(18,1,5,1,20),(19,2,5,6,22),(20,3,5,4,24),(21,4,5,5,26),(22,5,5,3,30),(23,1,6,2,32),(24,2,6,3,40),(25,3,6,5,48),(26,4,6,6,56),(27,5,6,7,64),(28,1,7,9,1),(29,2,7,8,10),(30,3,7,7,20),(31,4,7,6,40),(32,5,7,5,60),(33,6,7,4,80),(34,1,8,5,60),(35,2,8,8,65),(36,3,8,9,70),(37,4,8,7,75),(38,5,8,6,80),(39,6,8,4,85),(40,1,9,1,10),(41,2,9,3,20),(42,3,9,4,40),(43,4,9,5,60),(44,5,9,8,80),(45,6,9,9,90),(46,7,9,7,100),(47,1,10,9,100),(48,2,10,8,100),(49,3,10,7,100),(50,4,10,6,100),(51,5,10,5,100),(52,6,10,4,100),(53,7,10,3,100),(54,8,10,2,100),(55,9,10,1,100);
/*!40000 ALTER TABLE `missionlevels` ENABLE KEYS */;
UNLOCK TABLES;

--
-- Table structure for table `missionprizes`
--

DROP TABLE IF EXISTS `missionprizes`;
/*!40101 SET @saved_cs_client     = @@character_set_client */;
/*!50503 SET character_set_client = utf8mb4 */;
CREATE TABLE `missionprizes` (
  `missionprizes_id` int NOT NULL AUTO_INCREMENT,
  `mission_id` int DEFAULT NULL,
  `object_id` int DEFAULT NULL,
  `value` int DEFAULT NULL,
  PRIMARY KEY (`missionprizes_id`),
  KEY `mision_id_idx` (`mission_id`),
  KEY `object_id_prizes_idx` (`object_id`),
  CONSTRAINT `mission_id_prizes` FOREIGN KEY (`mission_id`) REFERENCES `missions` (`mission_id`),
  CONSTRAINT `object_id_prizes` FOREIGN KEY (`object_id`) REFERENCES `objects` (`object_id`)
) ENGINE=InnoDB AUTO_INCREMENT=11 DEFAULT CHARSET=utf8;
/*!40101 SET character_set_client = @saved_cs_client */;

--
-- Dumping data for table `missionprizes`
--

LOCK TABLES `missionprizes` WRITE;
/*!40000 ALTER TABLE `missionprizes` DISABLE KEYS */;
INSERT INTO `missionprizes` VALUES (1,1,7,1000),(2,2,7,1500),(3,3,7,2000),(4,4,7,2500),(5,5,7,3000),(6,6,7,3500),(7,7,7,4000),(8,8,7,4500),(9,9,7,5000),(10,10,7,5500);
/*!40000 ALTER TABLE `missionprizes` ENABLE KEYS */;
UNLOCK TABLES;


--
-- Dumping data for table `missions`
--

LOCK TABLES `users` WRITE;
/*!40000 ALTER TABLE `users` DISABLE KEYS */;
INSERT INTO `users` VALUES (1,'lina@gmail.com','123456','Lina',5000,'lina.jpg','Admin',17,11,34,NULL,NULL),(2,'luis@gmail.com','123456','Luigi',5000,'luis.jpg','Admin',1,1,1,NULL,NULL),(3,'maxip@gmail.com','123456','Maxi',5000,'Maxi.jpg','Admin',1,1,1,NULL,NULL),(4,'negro@gmail.com','123456','Negro Poket',5000,'Negro.jpg','Admin',1,1,1,NULL,NULL),(5,'kbdejuin@gmail.com','123456','Max',5000,'Kb.jpg','Admin',1,1,1,NULL,NULL),(6,'pedro@gmail.com','123456','Pedri',5000,'pedro.jpg','Player',60,1,40,NULL,NULL),(7,'ameo@gmail.com','123456','Ameo',5000,'Ameo.jpg','Admin',47,88,1,'109040415930667649612','https://lh3.googleusercontent.com/a/ACg8ocJVpz8EGAuppzMzh1X3UguqNUgskdKoYMfNHKp0p7eN_A=s96'),(8,'Osama@gmail.com','123456','Osama',5000,'Osama.jpg','Admin',1,1,1,NULL,NULL),(9,'timoteo@gmail.com','123456','Timoteo',5000,'timoteo.jpg','Admin',1,1,1,NULL,NULL),(10,'juanca@gmail.com','123456','Juanca',5000,'juanca.jpg','player',1,1,1,NULL,NULL),(11,'daniel@gmail.com','123456','Daniel',5000,'daniel.jpg','Admin',1,1,1,NULL,NULL),(12,'emmanuel@gmail.com','123456','Emmanuel',5000,'emmanuel.jpg','Admin',1,1,1,NULL,NULL),(15,'musica.sinfiltro@gmail.com','googleLogin','Musica Sin Filtro',100,'https://lh3.googleusercontent.com/a/ACg8ocJOy0rKOKa8o0CNwj2VBGxieZVcRKMBvLhHRmxV1wEwPw=s96-c','Player',61,25,8,'112583100952773076758','https://lh3.googleusercontent.com/a/ACg8ocJOy0rKOKa8o0CNwj2VBGxieZVcRKMBvLhHRmxV1wEwPw=s96-c'),(16,'magali.occhino@gmail.com','googleLogin','Magali Occhino',100,'https://lh3.googleusercontent.com/a/ACg8ocL-PAisopypVZVomRL7Fy7tl8YIRaPyLSuXKseaO0xz=s96-c','Player',1,1,1,'105845483450043434945','https://lh3.googleusercontent.com/a/ACg8ocL-PAisopypVZVomRL7Fy7tl8YIRaPyLSuXKseaO0xz=s96-c'),(17,'maxi.e.pisano@gmail.com','googleLogin','Maximiliano Pisano',100,'https://lh3.googleusercontent.com/a/ACg8ocKL7C_cufH_QtPZkZrj5ju-mQvJmvqoyvZdROCNYZnz=s96-c','Player',0,0,0,'107648866774492090711','https://lh3.googleusercontent.com/a/ACg8ocKL7C_cufH_QtPZkZrj5ju-mQvJmvqoyvZdROCNYZnz=s96-c'),(18,'nuezluisfederico@gmail.com','googleLogin','Luis Federico Nuñez',100,'https://lh3.googleusercontent.com/a/ACg8ocLCcSVyX8nI1UaKTZOn0SnnUcbgx1zQ0ukPae68urtzAlY=s96-c','Player',1,1,1,'105458969253774876875','https://lh3.googleusercontent.com/a/ACg8ocLCcSVyX8nI1UaKTZOn0SnnUcbgx1zQ0ukPae68urtzAlY=s96-c'),(19,'snoya1987@gmail.com','googleLogin','fanku 87',100,'https://lh3.googleusercontent.com/a/ACg8ocLBjZ0JyGaO6Jw6bhWuZjMjgaUsMS6Wb_6vKrSBZPSbOw=s96-c','Player',1,1,1,'107981503013777142161','https://lh3.googleusercontent.com/a/ACg8ocLBjZ0JyGaO6Jw6bhWuZjMjgaUsMS6Wb_6vKrSBZPSbOw=s96-c');
UNLOCK TABLES;




DROP TABLE IF EXISTS `userfighters`;
/*!40101 SET @saved_cs_client     = @@character_set_client */;
/*!50503 SET character_set_client = utf8mb4 */;
CREATE TABLE `userfighters` (
  `user_fighter_id` int NOT NULL AUTO_INCREMENT,
  `user_id` int NOT NULL,
  `fighter_id` int NOT NULL,
  `active` varchar(5) DEFAULT 'false',
  `in_party` varchar(5) NOT NULL DEFAULT 'false',
  `extra_accuracy` int NOT NULL,
  `extra_max_hp` int NOT NULL,
  `extra_defense` int NOT NULL,
  `extra_special_defense` int NOT NULL,
  `extra_attack` int NOT NULL,
  `extra_special_attack` int NOT NULL,
  `current_xp` int NOT NULL,
  `level` int NOT NULL,
  `attack_multiplier` int DEFAULT '1',
  `special_attack_multiplier` int DEFAULT '1',
  `defense_multiplier` int DEFAULT '1',
  `special_defense_multiplier` int DEFAULT '1',
  PRIMARY KEY (`user_fighter_id`),
  KEY `userfighter_fighter` (`fighter_id`),
  KEY `userfighter_user` (`user_id`),
  CONSTRAINT `userfighter_fighter` FOREIGN KEY (`fighter_id`) REFERENCES `fighters` (`fighter_id`),
  CONSTRAINT `userfighter_user` FOREIGN KEY (`user_id`) REFERENCES `users` (`user_id`)
) ENGINE=InnoDB AUTO_INCREMENT=71 DEFAULT CHARSET=latin1;
/*!40101 SET character_set_client = @saved_cs_client */;

--
-- Dumping data for table `userfighters`
--

LOCK TABLES `userfighters` WRITE;
/*!40000 ALTER TABLE `userfighters` DISABLE KEYS */;
INSERT INTO `userfighters` VALUES (1,2,1,'true','false',0,0,0,0,0,0,0,1,1,1,1,1),(2,3,1,'true','true',0,0,0,0,0,0,0,1,1,1,1,1),(3,4,1,'true','true',0,0,0,0,0,0,0,1,1,1,1,1),(4,5,1,'true','true',0,0,0,0,0,0,0,1,1,1,1,1),(5,6,1,'false','false',0,0,0,0,0,0,6400,7,1,1,1,1),(6,7,1,'false','false',0,0,0,0,0,0,1500,3,1,1,1,1),(26,1,5,'false','false',0,0,0,0,0,0,261800,51,1,1,1,1),(27,1,4,'false','false',0,0,0,0,0,0,28100,16,1,1,1,1),(28,1,6,'false','false',0,0,0,0,0,0,900,2,1,1,1,1),(29,7,2,'false','false',0,0,0,0,0,0,500,2,1,1,1,1),(30,7,4,'false','false',0,0,0,0,0,0,35400,18,1,1,1,1),(31,7,7,'false','false',0,0,0,0,0,0,16700,12,1,1,1,1),(32,7,3,'false','false',0,0,0,0,0,0,18700,13,1,1,1,1),(33,7,5,'false','false',0,0,0,0,0,0,22600,15,1,1,1,1),(34,7,6,'false','false',0,0,0,0,0,0,1400,3,1,1,1,1),(35,7,8,'false','false',0,0,0,0,0,0,14800,12,1,1,1,1),(36,7,9,'false','false',0,0,0,0,0,0,6700,8,1,1,1,1),(37,7,9,'false','false',0,0,0,0,0,0,0,1,1,1,1,1),(38,1,3,'false','true',0,0,0,0,0,0,9300,9,1,1,1,1),(39,1,6,'false','false',0,0,0,0,0,0,0,1,1,1,1,1),(41,1,6,'false','false',0,0,0,0,0,0,15300,12,1,1,1,1),(42,6,4,'true','true',0,0,0,0,0,0,5800,7,1,1,1,1),(43,1,3,'false','false',0,0,0,0,0,0,0,1,1,1,1,1),(44,1,7,'false','false',0,0,0,0,0,0,0,1,1,1,1,1),(45,1,7,'false','false',0,0,0,0,0,0,0,1,1,1,1,1),(46,15,1,'false','false',0,0,0,0,0,0,5100,7,1,1,1,1),(47,6,1,'false','false',0,0,0,0,0,0,0,1,1,1,1,1),(48,15,5,'false','false',0,0,0,0,0,0,10700,10,1,1,1,1),(49,15,4,'false','false',0,0,0,0,0,0,14600,12,1,1,1,1),(50,16,1,'true','true',0,0,0,0,0,0,0,1,1,1,1,1),(51,7,7,'false','false',0,0,0,0,0,0,0,1,1,1,1,1),(52,7,7,'0','0',0,0,0,0,0,0,0,1,1,1,1,1),(53,15,3,'false','false',0,0,0,0,0,0,7700,8,1,1,1,1),(54,15,7,'false','false',0,0,0,0,0,0,0,1,1,1,1,1),(55,15,5,'false','false',0,0,0,0,0,0,9300,9,1,1,1,1),(56,15,3,'true','true',0,0,0,0,0,0,89900,29,1,1,1,1),(57,17,1,'false','true',0,0,0,0,0,0,5000,7,1,1,1,1),(58,17,3,'true','true',0,0,0,0,0,0,143900,37,1,1,1,1),(59,17,7,'false','true',0,0,0,0,0,0,37600,19,1,1,1,1),(60,18,1,'true','true',0,0,0,0,0,0,0,1,1,1,1,1),(61,7,3,'true','true',0,0,0,0,0,0,5700,7,1,1,1,1),(62,19,1,'true','true',0,0,0,0,0,0,3900,6,1,1,1,1),(63,19,5,'0','true',0,0,0,0,0,0,0,1,1,1,1,1),(64,15,1,'false','false',0,0,0,0,0,0,0,1,1,1,1,1),(65,15,2,'false','false',0,0,0,0,0,0,0,1,1,1,1,1),(66,15,7,'false','false',0,0,0,0,0,0,0,1,1,1,1,1),(67,15,6,'false','false',0,0,0,0,0,0,0,1,1,1,1,1),(68,15,3,'false','false',0,0,0,0,0,0,0,1,1,1,1,1),(69,15,2,'false','false',0,0,0,0,0,0,0,1,1,1,1,1),(70,15,3,'false','false',0,0,0,0,0,0,0,1,1,1,1,1);
/*!40000 ALTER TABLE `userfighters` ENABLE KEYS */;
UNLOCK TABLES;

--
-- Table structure for table `userfightermoves`
--

DROP TABLE IF EXISTS `userfightermoves`;
/*!40101 SET @saved_cs_client     = @@character_set_client */;
/*!50503 SET character_set_client = utf8mb4 */;
CREATE TABLE `userfightermoves` (
  `user_fighter_move_id` int NOT NULL AUTO_INCREMENT,
  `level` int NOT NULL DEFAULT '1',
  `current_xp` int NOT NULL DEFAULT '1',
  `move_id` int NOT NULL,
  `user_fighter_id` int NOT NULL,
  `movelevel_id` int DEFAULT NULL,
  `selected` int DEFAULT NULL,
  PRIMARY KEY (`user_fighter_move_id`),
  KEY `userfightermoves_move_idx` (`move_id`),
  KEY `userfightermoves_user_fighter_idx` (`user_fighter_id`),
  KEY `userfightermoves_movelevelid_idx` (`movelevel_id`),
  CONSTRAINT `userfightermoves_move` FOREIGN KEY (`move_id`) REFERENCES `moves` (`move_id`),
  CONSTRAINT `userfightermoves_movelevelid` FOREIGN KEY (`movelevel_id`) REFERENCES `movelevels` (`movelevel_id`),
  CONSTRAINT `userfightermoves_user_fighter` FOREIGN KEY (`user_fighter_id`) REFERENCES `userfighters` (`user_fighter_id`)
) ENGINE=InnoDB AUTO_INCREMENT=170 DEFAULT CHARSET=utf8;
/*!40101 SET character_set_client = @saved_cs_client */;

--
-- Dumping data for table `userfightermoves`
--

LOCK TABLES `userfightermoves` WRITE;
/*!40000 ALTER TABLE `userfightermoves` DISABLE KEYS */;
INSERT INTO `userfightermoves` VALUES (18,10,65451,5,26,584,1),(19,10,65451,14,26,585,1),(20,10,65451,15,26,586,1),(21,10,65451,16,26,587,1),(22,1,1,4,27,13,1),(23,1,1,23,27,14,1),(24,1,1,24,27,15,1),(25,1,1,25,27,16,1),(26,5,1,6,28,273,1),(27,1,1,20,28,22,1),(28,1,1,21,28,23,1),(29,1,1,22,28,24,1),(30,1,1,1,1,1,1),(31,1,1,8,1,2,1),(32,1,1,9,1,3,1),(33,1,1,10,1,4,1),(37,1,1,1,2,1,1),(38,1,1,8,2,2,1),(39,1,1,9,2,3,1),(40,1,1,10,2,4,1),(44,1,1,1,3,1,1),(45,1,1,8,3,2,1),(46,1,1,9,3,3,1),(47,1,1,10,3,4,1),(51,1,1,1,4,1,1),(52,1,1,8,4,2,1),(53,1,1,9,4,3,1),(54,1,1,10,4,4,1),(58,1,1,1,5,1,1),(59,1,1,8,5,2,1),(60,1,1,9,5,3,1),(61,1,1,10,5,4,1),(65,1,1,1,6,1,0),(66,1,1,8,6,2,1),(67,1,1,9,6,3,1),(68,1,1,10,6,4,1),(72,1,1,2,29,5,1),(73,1,1,17,29,6,1),(74,1,1,18,29,7,1),(75,1,1,19,29,8,1),(76,10,8851,4,30,580,1),(77,10,8851,23,30,581,1),(78,10,8851,24,30,582,1),(79,10,8851,25,30,583,1),(80,1,1,7,31,25,1),(81,1,1,26,31,26,1),(82,1,1,27,31,27,1),(83,1,1,28,31,28,1),(84,10,27051,3,32,576,1),(85,10,27051,11,32,577,0),(86,10,27051,12,32,578,1),(87,10,27051,13,32,579,0),(88,1,1,5,33,17,1),(89,1,1,14,33,18,1),(90,1,1,15,33,19,1),(91,1,1,16,33,20,1),(92,1,1,6,34,21,1),(93,1,1,20,34,22,1),(94,1,1,21,34,23,1),(95,1,1,22,34,24,1),(96,1,1,29,35,29,1),(97,1,1,30,35,30,1),(98,1,1,31,35,31,1),(99,1,1,32,35,32,1),(100,1,1,33,36,33,1),(101,1,1,34,36,34,1),(102,1,1,35,36,35,1),(103,1,1,36,36,36,1),(104,1,1,33,37,33,1),(105,1,1,34,37,34,1),(106,1,1,35,37,35,1),(107,1,1,36,37,36,1),(108,10,11101,3,38,576,1),(109,10,11101,11,38,577,1),(110,10,11101,12,38,578,1),(111,10,11101,13,38,579,1),(112,10,389201,6,41,588,1),(113,1,1,6,41,21,0),(114,1,1,20,41,22,0),(115,1,1,21,41,23,0),(116,1,1,3,32,9,1),(117,1,1,11,32,10,0),(118,1,1,5,26,17,0),(119,1,1,14,26,18,0),(120,1,1,15,26,19,0),(121,1,1,16,26,20,0),(122,10,31401,4,42,580,1),(123,1,1,23,42,14,0),(124,1,1,3,43,9,1),(125,1,1,7,44,25,1),(126,1,1,7,45,25,1),(127,10,29601,8,46,569,1),(128,1,1,1,46,1,0),(129,1,1,8,47,2,1),(130,10,88301,5,48,584,1),(131,10,68801,4,49,580,1),(132,1,1,8,50,2,1),(133,1,1,7,51,25,1),(134,1,1,7,52,25,1),(135,10,32301,3,53,576,1),(136,1,1,7,54,25,1),(137,1,1,14,48,18,0),(138,10,55301,23,49,581,1),(139,10,32751,5,55,584,1),(140,10,15451,14,55,585,1),(141,1,1,24,49,15,1),(142,1,1,11,53,10,0),(143,10,420283,3,56,576,1),(144,10,401683,11,56,577,1),(145,10,358933,12,56,578,1),(146,10,299501,13,56,579,1),(147,10,33501,8,57,569,1),(148,10,993203,3,58,576,1),(149,10,138017,7,59,592,1),(150,1,1,8,60,2,1),(151,10,38201,3,61,576,1),(152,10,17801,8,62,569,1),(153,1,1,5,63,17,1),(154,1,1,8,64,2,1),(155,1,1,2,65,5,1),(156,1,1,7,66,25,1),(157,1,1,6,67,21,1),(158,1,1,3,68,9,1),(159,1,1,2,69,5,1),(160,1,1,3,70,9,1),(161,10,939703,11,58,577,1),(162,10,109217,26,59,593,1),(163,8,2501,1,57,442,1),(164,10,910553,12,58,578,1),(165,1,1,1,62,1,0),(166,10,755851,13,58,579,1),(167,10,82267,27,59,594,1),(168,1,1,28,59,28,1),(169,1,1,11,61,10,0);
/*!40000 ALTER TABLE `userfightermoves` ENABLE KEYS */;
UNLOCK TABLES;

--
-- Table structure for table `userfighters`
--



--
-- Table structure for table `userobjects`
--

DROP TABLE IF EXISTS `userobjects`;
/*!40101 SET @saved_cs_client     = @@character_set_client */;
/*!50503 SET character_set_client = utf8mb4 */;
CREATE TABLE `userobjects` (
  `user_object_id` int NOT NULL AUTO_INCREMENT,
  `user_id` int NOT NULL,
  `object_id` int NOT NULL,
  `quantity` int NOT NULL DEFAULT '1',
  PRIMARY KEY (`user_object_id`),
  KEY `user_userobject` (`user_id`),
  KEY `object_userobject` (`object_id`),
  CONSTRAINT `object_userobject` FOREIGN KEY (`object_id`) REFERENCES `objects` (`object_id`),
  CONSTRAINT `user_userobject` FOREIGN KEY (`user_id`) REFERENCES `users` (`user_id`)
) ENGINE=InnoDB AUTO_INCREMENT=37 DEFAULT CHARSET=latin1;
/*!40101 SET character_set_client = @saved_cs_client */;

--
-- Dumping data for table `userobjects`
--

LOCK TABLES `userobjects` WRITE;
/*!40000 ALTER TABLE `userobjects` DISABLE KEYS */;
INSERT INTO `userobjects` VALUES (1,7,1,1),(2,1,7,22811),(3,2,7,1),(4,3,7,1),(5,4,7,1),(6,5,7,1),(7,6,7,991),(8,7,7,2997202),(9,1,1,24),(10,1,2,53),(12,1,4,26),(15,7,6,6),(16,7,2,8),(18,1,5,2),(19,1,3,97),(22,7,5,1),(25,7,3,15052),(26,7,4,25037),(27,15,7,10790),(29,16,7,150),(30,15,3,1),(31,17,7,38050),(32,18,7,150),(33,19,7,650),(34,15,6,1),(35,19,4,4),(36,19,2,2);
/*!40000 ALTER TABLE `userobjects` ENABLE KEYS */;
UNLOCK TABLES;

--
-- Table structure for table `users`
--


/*!40101 SET character_set_client = @saved_cs_client */;

--
-- Dumping data for table `users`
--

